EAN;Produto;Fabricante;Categoria;NCM;CEST;EAN adicional;Fornecedor;Ativo
0042882985938;AÇAÍ OCEAN 250ML;GENÉRICO;SORVETES;;;;;TRUE
0070847022206;ENERGÉTICO MONSTER ZERO ULTRA 473ML;GENÉRICO;ENERGÉTICOS E ISOTÔNICOS;;;;;TRUE
0070847022305;ENERGÉTICO MONSTER ABSOLUTELY ZERO 473ML;GENÉRICO;ENERGÉTICOS E ISOTÔNICOS;;;;;TRUE
0070847033301;ENERGÉTICO MONSTER MANGO LOCO 473ML;GENÉRICO;ENERGÉTICOS E ISOTÔNICOS;;;;;TRUE
0074468763609;PERCABONATO DE SÓDIO CALISUL 500G;GENÉRICO;LIMPEZA;;;;;TRUE
032024780397;CREME DENTAL COLGATE 90GR;GENÉRICO;HIGIENE PESSOAL;;;;;TRUE
040141413895;CAFÉ COM AÇAÍ NON COFFEE 250G;GENÉRICO;CAFÉ E CHÁ;;;;;TRUE
0602883236813;PASSATA DI MATTEO 680G;GENÉRICO;MERCEARIA;;;;;TRUE
0609963581023;AÇAÍ COM MORANGO 200ML;GENÉRICO;CONGELADOS;;;;;TRUE
0609963883356;ACENDEDOR REI DA BRASA 450ML;GENÉRICO;CHURRASCO;;;;;TRUE
0618341168169;AÇAÍ SELFSY 500ML;GENÉRICO;SORVETES;;;;;TRUE
0619205021378;ALCOOL ETILICO 70° NOVA ERA 1L;GENÉRICO;LIMPEZA;;;;;TRUE
0619205941805;PÃO DE ALHO RBR 320G;GENÉRICO;CHURRASCO;;;;;TRUE
070330605282;ISQUEIRO BIC;GENÉRICO;DESCARTÁVEIS E UTILIDADES;;;;;TRUE
070330609723;ISQUEIRO BIC MAXI;GENÉRICO;DESCARTÁVEIS E UTILIDADES;;;;;TRUE
070330717510;APARELHO DE BARBEAR BIC CONFORT 3 AZUL;GENÉRICO;HIGIENE PESSOAL;;;;;TRUE
070330717527;APARELHO DE BARBEAR BIC CONFORT 3 VERDE;GENÉRICO;HIGIENE PESSOAL;;;;;TRUE
070330724815;APARELHO DE BARBEAR BIC CONFORT 3 PRETO;GENÉRICO;HIGIENE PESSOAL;;;;;TRUE
070330734401;BARBEADOR BIC CONFORT 3 VERDE;GENÉRICO;HIGIENE PESSOAL;;;;;TRUE
070330909229;ISQUEIRO BIC MINI C/1 UNDS;GENÉRICO;DESCARTÁVEIS E UTILIDADES;;;;;TRUE
070330913431;ISQUEIRO BIC MINI C/1 UND;GENÉRICO;DESCARTÁVEIS E UTILIDADES;;;;;TRUE
0736532223401;TOMATE PELADO SANTA TAVOLA 400G;GENÉRICO;ENLATADOS;;;;;TRUE
0736532223418;PASSATA SANTA TAVOLA 680G;GENÉRICO;MERCEARIA;;;;;TRUE
074468763609;PERCABONATO DE SÓDIO CALISUL 500G;GENÉRICO;LIMPEZA;;;;;TRUE
074468796003;GELO GELOSUL 3KG;GENÉRICO;CHURRASCO;;;;;TRUE
0751320559722;ÁGUA SANITÁRIA BOLTZ 1L;GENÉRICO;LIMPEZA;;;;;TRUE
0789129006093;TAPETE PARA CÃES TIMBOPET C/7 UND;GENÉRICO;PET;;;;;TRUE
1074425;FILÉ SASSAMI C-VALE 1KG;GENÉRICO;CONGELADOS;;;;;TRUE
1220000250222;ENERGÉTICO MONSTER MELANCIA 473ML;GENÉRICO;ISOTÔNICOS;;;;;TRUE
1220000250406;ENERGÉTICO MONSTER PÊSSEGO DT 473ML;GENÉRICO;ENERGÉTICOS E ISOTÔNICOS;;;;;TRUE
17892840822900;FANDANGOS 160GR;GENÉRICO;SNACKS;;;;;TRUE
17896058599050;AMENDOIM PETTIZ JAPONES 50G;GENÉRICO;SNACKS;;;;;TRUE
245035000;PRINGLES 108 GR;GENÉRICO;SNACKS;;;;;TRUE
245036000;PRINGLES 108GR;GENÉRICO;SNACKS;;;;;TRUE
245042000;BATATA PRINGLES 100GR;GENÉRICO;SNACKS;;;;;TRUE
245043000;BATATA PRINGLES 108GR;GENÉRICO;SNACKS;;;;;TRUE
245044000;BATATA PRINGLES 100 GR;GENÉRICO;SNACKS;;;;;TRUE
3014260833176;ESCOVA DENTAL ORAL-B;GENÉRICO;HIGIENE PESSOAL;;;;;TRUE
4005900036728;DESODORANTE NIVEA MEN INVISIBLE 150ML;GENÉRICO;HIGIENE PESSOAL;;;;;TRUE
4005900105073;DESODORANTE NIVEA B&W 200ML;GENÉRICO;HIGIENE PESSOAL;;;;;TRUE
4005900105080;DESODORANTE NIVEA MEN INVISIBLE 200ML;GENÉRICO;HIGIENE PESSOAL;;;;;TRUE
4005900396938;DESODORANTE NIVEA MEN PROTECT 150ML;GENÉRICO;HIGIENE PESSOAL;;;;;TRUE
4005900633293;DESODORANTE NIVEA DRY CONFORT 200ML;GENÉRICO;HIGIENE PESSOAL;;;;;TRUE
4005900633309;DESODORANTE NIVEA MAN ACTIVE 200ML;GENÉRICO;HIGIENE PESSOAL;;;;;TRUE
4005900705143;DESODORANTE NIVEA PROTECT 200ML;GENÉRICO;HIGIENE PESSOAL;;;;;TRUE
4006000010311;DESODORANTE NIVEA MEN 200ML;GENÉRICO;HIGIENE PESSOAL;;;;;TRUE
4006000178868;DESODORANTE NIVEA CONTROL 200ML;GENÉRICO;HIGIENE PESSOAL;;;;;TRUE
5000267013602;WHISKY RED LABEL 1L;GENÉRICO;DESTILADOS;;;;;TRUE
5010106111536;WHISKY BALLANTINES 750ML;GENÉRICO;DESTILADOS;;;;;TRUE
5411361175286;LEGUMES CONGELADOS ARDO 400G;GENÉRICO;CONGELADOS;;;;;TRUE
5600618750363;VINHO TINTO MEIO SECO A.B. 750ML;GENÉRICO;VINHOS;;;;;TRUE
5600965803316;VINHO BRANCO URBANISTA 750ML;GENÉRICO;VINHOS;;;;;TRUE
5601174270050;VINHO TINTO CASA PORTUGUESA 750ML;GENÉRICO;VINHOS;;;;;TRUE
5601216120053;AZEITE DE OLIVA ANDORINHA 250ML;GENÉRICO;MERCEARIA;;;;;TRUE
5601252102433;AZEITE EXTRA VIRGEM GALLO 250ML;GENÉRICO;MERCEARIA;;;;;TRUE
5601752300469;VINHO ROSE FAVAIOS 750ML;GENÉRICO;VINHOS;;;;;TRUE
5601855106029;AZEITA DE OLIVA COIMBRA 250ML;GENÉRICO;MERCEARIA;;;;;TRUE
5601996215475;VINHO DESCOBRE DEMI SEC 750ML;GENÉRICO;VINHOS;;;;;TRUE
5601996554475;VINHO COLINAS DE BACO 750ML;GENÉRICO;VINHOS;;;;;TRUE
5602175009205;VINHO BRANCO ENCOSTAS DA RIBEIRA 750ML;GENÉRICO;VINHOS;;;;;TRUE
5602182932138;VINHO MONTE DO GAIO 750ML;GENÉRICO;VINHOS;;;;;TRUE
5602417106846;VINHO PORTUGUÊS GA 750ML;GENÉRICO;VINHOS;;;;;TRUE
5604424469006;VINHO PORTUGUES MOSAICO 750ML;GENÉRICO;VINHOS;;;;;TRUE
5604424469303;VINHO PORTUGUÊS MOSAICO RESERVADO 750ML;GENÉRICO;VINHOS;;;;;TRUE
609963581009;AÇAÍ 200ML;GENÉRICO;CONGELADOS;;;;;TRUE
611269101713;ENERGETICO RED BULL ZERO 250ML;GENÉRICO;ENERGÉTICOS E ISOTÔNICOS;;;;;TRUE
611269991000;ENERGÉTICO RED BULL 250ML;GENÉRICO;ENERGÉTICOS E ISOTÔNICOS;;;;;TRUE
6920230925031;CABO USB P/ IPHONE;GENÉRICO;DESCARTÁVEIS E UTILIDADES;;;;;TRUE
6920231018053;CABO USB TIPO C;GENÉRICO;DESCARTÁVEIS E UTILIDADES;;;;;TRUE
6920231018060;CABO USB IPHONE;GENÉRICO;DESCARTÁVEIS E UTILIDADES;;;;;TRUE
6920231018084;CABO USB C;GENÉRICO;DESCARTÁVEIS E UTILIDADES;;;;;TRUE
6920231021091;CABO USB PARA IPHONE;GENÉRICO;DESCARTÁVEIS E UTILIDADES;;;;;TRUE
70847022015;ENERGÉTICO MONSTER 473ML;GENÉRICO;ENERGÉTICOS E ISOTÔNICOS;;;070847022015;;TRUE
7253166761879;MORANGUETE 9GR;GENÉRICO;DOCES;;;;;TRUE
7500435125307;CONDICIONADOR PANTENE BRILHO INTENSO 175ML;GENÉRICO;HIGIENE PESSOAL;;;;;TRUE
7500435125376;CONDICIONADOR PANTENE HIDRATAÇÃO 175ML;GENÉRICO;HIGIENE PESSOAL;;;;;TRUE
7500435125383;SHAMPOO PANTENE HIDRATAÇÃO 175ML;GENÉRICO;HIGIENE PESSOAL;;;;;TRUE
7500435125420;SHAMPOO PANTENE LISO EXTREMO 175 ML;GENÉRICO;HIGIENE PESSOAL;;;;;TRUE
7500435125468;SHAMPOO PANTENE RESTAURAÇÃO 175ML;GENÉRICO;HIGIENE PESSOAL;;;;;TRUE
7500435134415;ESCOVA DE DENTE ORAL-B PRO C/1 UND;GENÉRICO;HIGIENE PESSOAL;;;;;TRUE
7500435154222;SHAMPOO PANTENE BAMBU 200ML;GENÉRICO;HIGIENE PESSOAL;;;;;TRUE
7500435154420;BARBEADOR GILLETTE ULTRAGRIP C/2 UND;GENÉRICO;HIGIENE PESSOAL;;;;;TRUE
7500435154772;BARBEADOR GILLETTE 3 C/1 UND;GENÉRICO;HIGIENE PESSOAL;;;;;TRUE
7500435198240;AMACIANTE DOWNY BRISA DO VERÃO 500ML;GENÉRICO;LIMPEZA;;;;;TRUE
7500435201292;AMACIANTE DOWNY BRISA INTENSO 500ML;GENÉRICO;LIMPEZA;;;;;TRUE
7500435209342;SHAMPOO PANTENE EQUILÍBRIO 175ML;GENÉRICO;HIGIENE PESSOAL;;;;;TRUE
7500435243612;AMACIANTE DOWNY BRISA SUAVE 500ML;GENÉRICO;LIMPEZA;;;;;TRUE
7500435248136;SHAMPOO PANTENE ANTIQUEDA 200G;GENÉRICO;HIGIENE PESSOAL;;;;;TRUE
7501843503350;BARBEADOR BIC FLEX 3;GENÉRICO;HIGIENE PESSOAL;;;;;TRUE
7501843503367;BARBEADOR BIC FLEX 3 AZUL;GENÉRICO;HIGIENE PESSOAL;;;;;TRUE
7506195143834;AMACIANTE DOWNY BRISA DE VERAO 500ML;GENÉRICO;LIMPEZA;;;;;TRUE
7506195143872;AMACIANTE DOWNY PRIMAVERA 500ML;GENÉRICO;LIMPEZA;;;;;TRUE
7506309865393;SHAMPOO HEAD&S MASCULINO 200ML;GENÉRICO;HIGIENE PESSOAL;;;;;TRUE
7506339363883;CREME DENTAL ORAL-B 70G;GENÉRICO;HIGIENE PESSOAL;;;;;TRUE
7509546689692;CREME DENTAL COLGATE TRIPLA AÇÃO 120G;GENÉRICO;HIGIENE PESSOAL;;;;;TRUE
7622202327087;CLUB SOCIAL CEBOLA 144G;GENÉRICO;BOLOS E BOLACHAS;;;;;TRUE
7622210411501;5 STAR LACTA 40G;GENÉRICO;DOCES;;;;;TRUE
7622210528216;BARRA DE CHOCOLATE LACTA OURO BRANCO 80G;GENÉRICO;DOCES;;;;;TRUE
7622210530073;BOLACHA OREO 18G;GENÉRICO;BOLOS E BOLACHAS;;;;;TRUE
7622210567567;BARRA DE CHOCOLATE LACTA OREO 90G;GENÉRICO;BISCOITOS, PÃES E DOCES;;;;;TRUE
7622210571540;TANG LIMAO 18G;GENÉRICO;SUCOS;;;;;TRUE
7622210571571;SUCO TANG LARANJA 18G;GENÉRICO;SUCOS;;;;;TRUE
7622210571595;REFRESCO TANG LARANJA 18GR;GENÉRICO;SUCOS;;;;;TRUE
7622210571601;TANG LARANJA 18G;GENÉRICO;SUCOS;;;;;TRUE
7622210571779;SUCO TANG UVA 18GR;GENÉRICO;SUCOS;;;;;TRUE
7622210571786;TANG UVA 18G;GENÉRICO;SUCOS;;;;;TRUE
7622210571847;SUCO EM PÓ TANG LARANJA MAMÃO 18G;GENÉRICO;SUCOS;;;;;TRUE
7622210571885;TANG UVA 18GR;GENÉRICO;SUCOS;;;;;TRUE
7622210575975;BIS LACTA PRETO 100G;GENÉRICO;DOCES;;;;;TRUE
7622210575999;BIS LACTA BRANCO 100G;GENÉRICO;DOCES;;;;;TRUE
7622210592750;TRAKINAS CHOCOLATE 126G;GENÉRICO;BOLOS E BOLACHAS;;;;;TRUE
7622210592781;TRAKINAS MORANGO 126G;GENÉRICO;BOLOS E BOLACHAS;;;;;TRUE
7622210596413;CAIXA DE BOMBONS LACTA 250,6G;GENÉRICO;DOCES;;;;;TRUE
7622210641151;CLUB SOCIAL PIZZA 144G;GENÉRICO;MERCEARIA;;;;;TRUE
7622210673831;BARRA DE CHOCOLATE LACTA AO LEITE 80G;GENÉRICO;DOCES;;;;;TRUE
7622210674319;BARRA DE CHOCOLATE LACTA LAKA 80G;GENÉRICO;DOCES;;;;;TRUE
7622210674357;BARRA DE CHOCOLATE LAKA OREO 80G;GENÉRICO;DOCES;;;;;TRUE
7622210674432;BARRA DE CHOCOLATE LACTA MEIO AMARGO 80G;GENÉRICO;DOCES;;;;;TRUE
7622210812636;HALLS SABOR CEREJA 28G;GENÉRICO;BALAS;;;;;TRUE
7622210833389;BIS BLACK 100G;GENÉRICO;BISCOITOS, PÃES E DOCES;;;;;TRUE
7622210857255;HALLS SABOR MENTA 28G;GENÉRICO;BALAS;;;;;TRUE
7622300119621;FERMENTO ROYAL 100G;GENÉRICO;MERCEARIA;;;;;TRUE
7622300830151;BOLACHA OREO ORIGINAL 90G;GENÉRICO;BOLOS E BOLACHAS;;;;;TRUE
7622300859770;GELATINA ROYAL UVA;GENÉRICO;MERCEARIA;;;;;TRUE
7622300859817;GELATINA ROYAL MORANGO;GENÉRICO;MERCEARIA;;;;;TRUE
7622300873554;BOLACHA OREO CHOCOLATE 90G;GENÉRICO;BOLOS E BOLACHAS;;;;;TRUE
7622300989408;BOLACHA OREO MORANGO 90GR;GENÉRICO;BOLOS E BOLACHAS;;;;;TRUE
7622300990701;CLUB SOCIAL ORIGINAL 144G;GENÉRICO;BOLOS E BOLACHAS;;;;;TRUE
7702018118823;BARBEADOR GILLETTE PROBAK C/1 UND;GENÉRICO;HIGIENE PESSOAL;;;;;TRUE
7790070225580;AZEITE DE OLIVA EXTRA VIRGEM COCINERO 250ML;GENÉRICO;MERCEARIA;;;;;TRUE
7790984005285;VINHO BRANCO LAS ESTÂNCIAS 750ML;GENÉRICO;VINHOS;;;;;TRUE
7791293022598;DESODORANTE REXONA MEN 72H 150ML;GENÉRICO;HIGIENE PESSOAL;;;;;TRUE
7791293022635;DESODORANTE REXONA MEN INVISIBLE 150ML;GENÉRICO;HIGIENE PESSOAL;;;;;TRUE
7791293032436;DESODORANTE REXONA FEMININO POWDER DRY150ML;GENÉRICO;HIGIENE PESSOAL;;;;;TRUE
7791293035802;DESODORANTE REXONA POWDER DRY 200ML;GENÉRICO;HIGIENE PESSOAL;;;;;TRUE
7791293035819;DESODORANTE REXONA INVISIBLE MEN 200ML;GENÉRICO;HIGIENE PESSOAL;;;;;TRUE
7791293035826;DESODORANTE REXONA COTTON DRY 200ML;GENÉRICO;HIGIENE PESSOAL;;;;;TRUE
7791293035857;DESODORANTE REXONA ACTIVE DRY 200ML;GENÉRICO;HIGIENE PESSOAL;;;;;TRUE
7791293035864;DESODORANTE REXONA INVISIBLE 200 ML;GENÉRICO;HIGIENE PESSOAL;;;;;TRUE
7791293035871;DESODORANTE REXONA CONTROL 200ML;GENÉRICO;HIGIENE PESSOAL;;;;;TRUE
7791969016029;DESODORANTE NIVEA MAN DRY IMPACT 150ML;GENÉRICO;HIGIENE PESSOAL;;;;;TRUE
7794990880720;QUEIJO MUSSARELA LA PAULINA 150G;GENÉRICO;FRIOS;;;;;TRUE
7798001610368;VINHO HORMIGA NEGRA 750ML;GENÉRICO;VINHOS;;;;;TRUE
7798001610429;VINHO HORMIGA NEGRA SWEET 750ML;GENÉRICO;VINHOS;;;;;TRUE
7798001610764;VINHO ROSE HORMIGA NEGRA 750ML;GENÉRICO;VINHOS;;;;;TRUE
7798001612287;VINHO HORMIGA NEGRA MALBEC 750ML;GENÉRICO;VINHOS;;;;;TRUE
7798039590496;VINHO CONCHA Y TORO MERLOT 750ML;GENÉRICO;VINHOS;;;;;TRUE
7798040463352;PIRULITO RING POP C/1 UND;GENÉRICO;DOCES;;;;;TRUE
7798073080038;VINHO CASSONE C.S. 750 ML;GENÉRICO;VINHOS;;;;;TRUE
7798073083022;VINHO CASSONE MALBEC 750ML;GENÉRICO;VINHOS;;;;;TRUE
7798073083053;VINHO MALBEC PREMIUM CASSONE 750ML;GENÉRICO;VINHOS;;;;;TRUE
7798133540175;VINHO MALBEC BAUDRON MEIO SECO 750ML;GENÉRICO;VINHOS;;;;;TRUE
7798147780062;BOMBOM FRANUI DUO CHOCOLATE 150G;GENÉRICO;DOCES;;;;;TRUE
7798147783223;BOMBOM FRANUI AO LEITE 150G;GENÉRICO;DOCES;;;;;TRUE
7798147784008;FRANUI PINK 150G;GENÉRICO;DOCES;;;;;TRUE
7804320116815;VINHO BRANCO CONCHA Y TORO SAUVIGNON 750ML;GENÉRICO;VINHOS;;;;;TRUE
7804320116846;VINHO MEIO SECO CONCHA Y TORO C.S. 750 ML;GENÉRICO;VINHOS;;;;;TRUE
7804320148397;VINHO CONCHA Y TORO RESERVADO MERLOT 750ML;GENÉRICO;VINHOS;;;;;TRUE
7804320303178;VINHO CASILLERO DEL DIABLO CABERNET SAUVIGNON 750ML;GENÉRICO;VINHOS;;;;;TRUE
7804320751467;VINHO BRANCO CONCHA Y TORO CHARDONAY 750ML;GENÉRICO;VINHOS;;;;;TRUE
7804320985633;VINHO CASILLERO DEL DIABLO MERLOT 750ML;GENÉRICO;VINHOS;;;;;TRUE
7804342001700;VINHO BRANCO SECO SANTIAGO 750ML;GENÉRICO;VINHOS;;;;;TRUE
7804350007329;VINHO SANTA CAROLINA MALBEC 750ML;GENÉRICO;VINHOS;;;;;TRUE
7804413004029;VINHO BRANCO TIERRAS DE CHILE 750ML;GENÉRICO;VINHOS;;;;;TRUE
7804414013334;VINHO CANTOR C.S. 750ML;GENÉRICO;VINHOS;;;;;TRUE
7804670152242;VINHO ROSE ALMARE 750ML;GENÉRICO;VINHOS;;;;;TRUE
7808729601064;VINHO CABALLO LOCO CARMENERE 750ML;GENÉRICO;VINHOS;;;;;TRUE
7808729601170;VINHO CASAS PATRONALES C.S. TINTO SECO 750ML;GENÉRICO;VINHOS;;;;;TRUE
7808729601187;VINHO CASAS PATRONALES CARMENERE 750ML;GENÉRICO;VINHOS;;;;;TRUE
7808729601194;VINHO CASAS PATRONALES MERLOT 750 ML;GENÉRICO;VINHOS;;;;;TRUE
7808729601200;VINHO CASAS PATRONALES C.S.B. 750ML;GENÉRICO;VINHOS;;;;;TRUE
7808729601217;VINHO CASAS PATRONALES BRANCO SECO 750ML;GENÉRICO;VINHOS;;;;;TRUE
7808729602047;VINHO SECO C.S. CASAS PATRONALES 750ML;GENÉRICO;VINHOS;;;;;TRUE
7808729602061;VINHO CASAS PATRONALES MERLOT 750ML;GENÉRICO;VINHOS;;;;;TRUE
7808729602191;VINHO PREMIUM MAUCHO CARIGNAN 750ML;GENÉRICO;VINHOS;;;;;TRUE
7808729602559;VINHO CASAS PATRONALES RESERVADO MERLOT 750ML;GENÉRICO;VINHOS;;;;;TRUE
7808729602566;VINHO CASAS PATRONALES RESERVADO CARMENERE 750ML;GENÉRICO;VINHOS;;;;;TRUE
7808729602573;VINHO CASAS PATRONALES RESERVADO C.S. 750ML;GENÉRICO;VINHOS;;;;;TRUE
7808729608766;VINHO SECO C.S. V.C. CASAS PATRONALES 750ML;GENÉRICO;VINHOS;;;;;TRUE
7808765713325;VINHO BRANCO S.B. CAMINO DE CHILE 750ML;GENÉRICO;VINHOS;;;;;TRUE
7808765760657;VINHO ROSE VUELO 750ML;GENÉRICO;VINHOS;;;;;TRUE
7808765762316;VINHO ROSE VUELO SWEET 750ML;GENÉRICO;VINHOS;;;;;TRUE
7808765766192;VINHO VENTOS DO SUL SUAVE TINTO 750 ML;GENÉRICO;VINHOS;;;;;TRUE
7809625202270;VINHO PASO GRANDE SAUVIGNON BLANC 750ML;GENÉRICO;VINHOS;;;;;TRUE
7809625202720;VINHO ROSE PASO GRANDE 750ML;GENÉRICO;VINHOS;;;;;TRUE
7809625207695;VINHO TINTO SECO ENIGMA MERLOT 750ML;GENÉRICO;VINHOS;;;;;TRUE
7809625208821;VINHO BRANCO CRUZ DE LOS MARES 750ML;GENÉRICO;VINHOS;;;;;TRUE
783094061543;LÂMPADA RAYOVAC 9W;GENÉRICO;DESCARTÁVEIS E UTILIDADES;;;;;TRUE
783094061545;LÂMPADA RAYOVAC 9WT;GENÉRICO;DESCARTÁVEIS E UTILIDADES;;;;;TRUE
7848877748853;GELO IMPERIAL 3KG;GENÉRICO;CHURRASCO;;;;;TRUE
786005803714;FILTRO DE CAFE 3 CORAÇÕES 102 C/30 UND;GENÉRICO;CAFÉ E CHÁ;;;;;TRUE
788115674896;TOMATE PELADO SANTA TAVOLA 400GR;GENÉRICO;MERCEARIA;;;;;TRUE
78908901;COCA COLA 200ML;GENÉRICO;REFRIGERANTES;;;;;TRUE
7891000005620;SNACKS PARA CÃES DOGUITOS BIFINHO DE CARNE 45G;GENÉRICO;PET;;;;;TRUE
7891000039342;SORVETE NESTLE CLASSIC CHOCOLATE 58G;GENÉRICO;SORVETES;;;;;TRUE
7891000050804;RAÇÃO PURINA ALPO 1KG;GENÉRICO;PET;;;;;TRUE
7891000051436;BOLACHA PASSATEMPO AO LEITE 160G;GENÉRICO;BOLOS E BOLACHAS;;;;;TRUE
7891000072950;IOGURTE NATURAL NESTLE 180G;GENÉRICO;IOGURTE E LATICÍNIOS;;;;;TRUE
7891000090732;NESTON FRUTAS 280ML;GENÉRICO;MERCEARIA;;;;;TRUE
7891000098844;CHOCOLATE NESTLE DIET 25G;GENÉRICO;DOCES;;;;;TRUE
7891000102626;AVEIA FLOCOS FINOS NESTLÉ 170G;GENÉRICO;MASSAS, GRÃOS E FARINHAS;;;;;TRUE
7891000102640;AVEIA FLOCOS NESTLÉ 170G;GENÉRICO;MERCEARIA;;;;;TRUE
7891000110829;FEST NESCAFE 270ML;GENÉRICO;GENERICO;;;;;TRUE
7891000115633;RAÇÃO DOG CHOW SABOR CARNE 100G;GENÉRICO;PET;;;;;TRUE
7891000115657;RAÇÃO DOG CHOW SABOR FRANGO 100G;GENÉRICO;PET;;;;;TRUE
7891000115695;RAÇÃO DOGCHOW FRANGO 100G;GENÉRICO;PET;;;;;TRUE
7891000115763;RAÇÃO FRISKIES SABOR CARNE AO MOLHO 85G;GENÉRICO;PET;;;;;TRUE
7891000115800;RAÇÃO PARA GATOS NESTLÉ FRISKIES 85G;GENÉRICO;PET;;;;;TRUE
7891000118108;SACHE PARA GATOS FRISKIES SABOR SALMÃO 85G;GENÉRICO;PET;;;;;TRUE
7891000119624;SNACK PARA GATOS FRISKIES 40G;GENÉRICO;PET;;;;;TRUE
7891000120071;POTE DE SORVETE NESTLE NAPOLITANO 1,5L;GENÉRICO;SORVETES;;;;;TRUE
7891000120521;POTE DE SORVETE NESTLE FLOCOS 1,5L;GENÉRICO;SORVETES;;;;;TRUE
7891000126905;CREME DE LEITE NESTLÉ 200G;GENÉRICO;MERCEARIA;;;;;TRUE
7891000241356;BOLACHA PASSATEMPO CHOCOLATE 130G;GENÉRICO;BOLOS E BOLACHAS;;;;;TRUE
7891000241370;PASSATEMPO AO LEITE 130G;GENÉRICO;BOLOS E BOLACHAS;;;;;TRUE
7891000244135;RAÇÃO PARA CÃES DOGCHOW SABOR CARNE 100G;GENÉRICO;PET;;;;;TRUE
7891000244746;RAÇÃO DOGCHOW CARNE 100G;GENÉRICO;PET;;;;;TRUE
7891000248768;KIT KAT NESTLE 41,5G;GENÉRICO;DOCES;;;;;TRUE
7891000248775;KIT KAT NESTLE 41,5GR;GENÉRICO;DOCES;;;;;TRUE
7891000250174;CALDO MAGGI GALINHA 57G;GENÉRICO;MOLHOS E TEMPEROS;;;;;TRUE
7891000259351;PASSATEMPO CHOCOMIX MORANGO 130G;GENÉRICO;BISCOITOS, PÃES E DOCES;;;;;TRUE
7891000259405;BOLACHA PASSATEMPO CHOCOMIX 130G;GENÉRICO;BOLOS E BOLACHAS;;;;;TRUE
7891000287330;RAÇÃO PURINA BONZO 1KG;GENÉRICO;PET;;;;;TRUE
7891000289709;BOLACHA NESFIT AVEIA & MEL 160G;GENÉRICO;BOLOS E BOLACHAS;;;;;TRUE
7891000304556;NESFIT CACAU & CEREAIS 160G;GENÉRICO;BOLOS E BOLACHAS;;;;;TRUE
7891000304594;BOLACHA NESFIT MORANGO 160G;GENÉRICO;BOLOS E BOLACHAS;;;;;TRUE
7891000307045;CAFÉ SOLUVEL NESCAFÉ 40G;GENÉRICO;CAFÉ E CHÁ;;;;;TRUE
7891000319505;CEREAL MUCILON 180G;GENÉRICO;MERCEARIA;;;;;TRUE
7891000319543;CEREAL MUCILON 180GR;GENÉRICO;MERCEARIA;;;;;TRUE
7891000321706;SNACKS FRISKIES SABOR CARNE 45G;GENÉRICO;PET;;;;;TRUE
7891000325131;CAIXA DE BOMBOM NESTLÉ 251G;GENÉRICO;DOCES;;;;;TRUE
7891000325858;LEITE EM PÓ INTEGRAL NINHO 380G;GENÉRICO;IOGURTE E LATICÍNIOS;;;;;TRUE
7891000329665;BARRA DE CHOCOLATE SUFLAIR DUO 80G;GENÉRICO;DOCES;;;;;TRUE
7891000329856;BARRA DE CHOCOLATE SUFLAIR 80G;GENÉRICO;DOCES;;;;;TRUE
7891000340981;LEITE EM PÓ NINHO+ 380G;GENÉRICO;IOGURTE E LATICÍNIOS;;;;;TRUE
7891000347263;RAÇÃO PARA CÃES ALPO 1KG;GENÉRICO;PET;;;;;TRUE
7891000357460;CEREAL NESTLÉ SNOW FLAKES 230G;GENÉRICO;MERCEARIA;;;;;TRUE
7891000368626;BARRA DE CHOCOLATE GALAK 80G;GENÉRICO;DOCES;;;;;TRUE
7891000369098;BARRA DE CHOCOLATE NESTLE 80G;GENÉRICO;DOCES;;;;;TRUE
7891000370643;AVEIA FLOCOS FINOS NESTLE 170GR;GENÉRICO;MERCEARIA;;;;;TRUE
7891000370728;AVEIA EM FLOCOS NESTLE 170G;GENÉRICO;MERCEARIA;;;;;TRUE
7891000376843;BONO CHOCOLATE 90G;GENÉRICO;BOLOS E BOLACHAS;;;;;TRUE
7891000379585;NESCAU 200G;GENÉRICO;MERCEARIA;;;;;TRUE
7891000379691;NESCAU 370GR;GENÉRICO;MERCEARIA;;;;;TRUE
7891000382301;AVEIA NESTLE 170GR;GENÉRICO;MERCEARIA;;;;;TRUE
7891000383421;CAFÉ SOLÚVEL NESCAFÉ DOLCA 40G;GENÉRICO;CAFÉ E CHÁ;;;;;TRUE
7891000389225;NESCAFE CAPPUCINO 270ML;GENÉRICO;IOGURTE E LATICÍNIOS;;;;;TRUE
7891000389300;NESCAFÉ CHOCOCINO 270ML;GENÉRICO;IOGURTE E LATICÍNIOS;;;;;TRUE
7891000393284;LEITE EM PÓ NINHO INTEGRAL 380G;GENÉRICO;IOGURTE E LATICÍNIOS;;;;;TRUE
7891000394847;NESCAU 370G;GENÉRICO;MERCEARIA;;;;;TRUE
7891000399590;LEITE EM PÓ NINHO 380G;GENÉRICO;IOGURTE E LATICÍNIOS;;;;;TRUE
7891000400548;COOKIES PARA CÃES DOGCHOW 300G;GENÉRICO;PET;;;;;TRUE
7891000402979;CHOCO BISCUIT NESTLE 80G;GENÉRICO;DOCES;;;;;TRUE
7891000412855;NESCAU 350G;GENÉRICO;MERCEARIA;;;;;TRUE
7891000418871;CAFÉ SOLÚVEL NESCAFÉ 40GR;GENÉRICO;CAFÉ E CHÁ;;;;;TRUE
7891000426210;NESCAU CRESCER 350G;GENÉRICO;MERCEARIA;;;;;TRUE
7891000436837;KIT KAT NESTLE 41,5 GR;GENÉRICO;DOCES;;;;;TRUE
7891000437872;BARRA DE CHOCOLATE GALAK 80GR;GENÉRICO;DOCES;;;;;TRUE
7891000438381;BARRA DE CHOCOLATE GAROTO 80GR;GENÉRICO;DOCES;;;;;TRUE
7891000438442;BARRA DE CHOCOLATE GAROTO BRANCO 80GR;GENÉRICO;DOCES;;;;;TRUE
7891000438480;CAIXA DE BOMBOM NESTLE 250G;GENÉRICO;DOCES;;;;;TRUE
7891000438503;BARRA DE CHOCOLATE NESTLE CLASSIC 80GR;GENÉRICO;DOCES;;;;;TRUE
7891000455562;BARRA DE CHOCOLATE SUFLAIR 80GR;GENÉRICO;DOCES;;;;;TRUE
7891000457467;CAIXA DE BOMBOM NESTLE 220G;GENÉRICO;DOCES;;;;;TRUE
7891000460207;PRESTÍGIO NESTLE 33G;GENÉRICO;DOCES;;;;;TRUE
7891000462300;CHOKITO NESTLE 32G;GENÉRICO;DOCES;;;;;TRUE
7891000623008;SNACKS DOGUITOS SABOR CARNE 45G;GENÉRICO;PET;;;;;TRUE
7891000702505;SORVETE NESTLE CHAMBINHO 45G;GENÉRICO;SORVETES;;;;;TRUE
7891000892473;CAPPUCINO NESTLE CHOCOLATE 180G;GENÉRICO;CAFÉ E CHÁ;;;;;TRUE
7891008123975;CHOCOLATE GAROTO AO LEITE 80G;GENÉRICO;BISCOITOS, PÃES E DOCES;;;;;TRUE
7891008125214;BARRA DE CHOCOLATE GAROTO BRANCO 80G;GENÉRICO;DOCES;;;;;TRUE
7891010245085;ABSORVENTE O.B. SEMPRE LIVRE C/16 UND;GENÉRICO;HIGIENE PESSOAL;;;;;TRUE
7891010503024;ABSORVENTE SEMPRE LIVRE COM ABAS C/8UND;GENÉRICO;HIGIENE PESSOAL;;;;;TRUE
7891010503031;ABSORVENTE SEMPRE LIVRE S/ABAS C/8UND;GENÉRICO;HIGIENE PESSOAL;;;;;TRUE
7891010504779;CURATIVO BAND AID C/10 UND;GENÉRICO;DESCARTÁVEIS E UTILIDADES;;;;;TRUE
7891010886547;ABSORVENTE INTERNO O.B. MEDIO LEVE 10UN;GENÉRICO;HIGIENE PESSOAL;;;;;TRUE
7891010973483;ABSORVENTE SEMPRE LIVRE C/8 UND;GENÉRICO;HIGIENE PESSOAL;;;;;TRUE
7891021001885;FILTRO DE CAFÉ MELITTA 102 C/30 UND;GENÉRICO;CAFÉ E CHÁ;;;;;TRUE
7891021001946;FILTRO DE CAFÉ MELITTA 103 C/30 UND;GENÉRICO;CAFÉ E CHÁ;;;;;TRUE
7891021002103;FILTRO DE CAFÉ BRIGITTA N102 C/30;GENÉRICO;DESCARTÁVEIS E UTILIDADES;;;;;TRUE
7891021002127;FILTRO DE PAPEL BRIGITTA 103 C/30UND;GENÉRICO;CAFÉ E CHÁ;;;;;TRUE
7891021005562;CAFÉ MELITTA GOURMET MOGIANA 250G;GENÉRICO;CAFÉ E CHÁ;;;;;TRUE
7891021005586;CAFÉ MELITTA GOURMET SUL DE MINAS 250G;GENÉRICO;CAFÉ E CHÁ;;;;;TRUE
7891021005609;CAFÉ MELITTA GOURMET RB 250G;GENÉRICO;CAFÉ E CHÁ;;;;;TRUE
7891021006071;CAFÉ MELITTA TRADICIONAL 250G;GENÉRICO;CAFÉ E CHÁ;;;;;TRUE
7891021006125;CAFÉ MELITTA TRADICIONAL VACUO 500G;GENÉRICO;CAFÉ E CHÁ;;;;;TRUE
7891021006927;CAFÉ MELITTA EXTRA FORTE 250G;GENÉRICO;CAFÉ E CHÁ;;;;;TRUE
7891021006934;CAFÉ MELITTA EXT FORT 500G (UN 1.000);GENÉRICO;CAFÉ E CHÁ;;;;;TRUE
7891022100372;DETERGENTE LIMPOL CRISTAL 500ML;GENÉRICO;LIMPEZA;;;;;TRUE
7891022638004;DETERGENTE LIMPOL NEUTRO 500ML;GENÉRICO;LIMPEZA;;;;;TRUE
7891022852707;SAPÓLIO BOMBRIL 300ML;GENÉRICO;LIMPEZA;;;;;TRUE
7891022854244;DESINFETANTE PINHO SOL 500ML;GENÉRICO;LIMPEZA;;;;;TRUE
7891022860191;DESINFETANTE BOMBRIL LAVANDA 500ML;GENÉRICO;LIMPEZA;;;;;TRUE
7891022861112;SAPÓLIO BOMBRIL 450ML;GENÉRICO;LIMPEZA;;;;;TRUE
7891024024386;ESCOVA DENTAL COLGATE C/1 UND;GENÉRICO;HIGIENE PESSOAL;;;;;TRUE
7891024033050;ENXAGUANTE BUCAL COLGATE PLAX 250ML;GENÉRICO;HIGIENE PESSOAL;;;;;TRUE
7891024034996;SABONETE PROTEX ANTIBAC 86G;GENÉRICO;HIGIENE PESSOAL;;;;;TRUE
7891024035047;SABONETE PROTEX LIMPEZA PROFUNDA 85G;GENÉRICO;HIGIENE PESSOAL;;;;;TRUE
7891024131183;ENXAGUANTE BUCAL COLGATE PLAX 500ML;GENÉRICO;HIGIENE PESSOAL;;;;;TRUE
7891024132005;CREME DENTAL COLGATE T.A. 90G;GENÉRICO;HIGIENE PESSOAL;;;;;TRUE
7891024132128;CREME DENTAL COLGATE TRIPLA AÇÃO 90G;GENÉRICO;HIGIENE PESSOAL;;;;;TRUE
7891024134702;CREME DENTAL COLGATE MPA 90G;GENÉRICO;HIGIENE PESSOAL;;;;;TRUE
7891024136409;ENXAGUANTE BUCAL COLGATE 250ML;GENÉRICO;HIGIENE PESSOAL;;;;;TRUE
7891024184509;ESCOVA DE DENTE COLGATE CLASSIC C/ 1UND;GENÉRICO;HIGIENE PESSOAL;;;;;TRUE
7891025115649;YOPRO BEBIDA LÁCTEA UHT 15G DE PROTEÍNAS 250ML;GENÉRICO;DESTILADOS;;;;;TRUE
7891025115656;YOPRO SABOR CHOCOLATE 250ML;GENÉRICO;IOGURTE E LATICÍNIOS;;;;;TRUE
7891025122067;YOPRO SABOR MORANGO 250ML;GENÉRICO;IOGURTE E LATICÍNIOS;;;;;TRUE
7891025124252;YOPRO CHOCOLATE 250 ML;GENÉRICO;IOGURTE E LATICÍNIOS;;;;;TRUE
7891030300191;COCO RALADO MOCOCA 100G;GENÉRICO;MERCEARIA;;;;;TRUE
7891030300504;COMPOSTO LACTEO MOCOCA 400G;GENÉRICO;IOGURTE E LATICÍNIOS;;;;;TRUE
7891031405017;MOSTARDA HEMMER 200G;GENÉRICO;MOLHOS E TEMPEROS;;;;;TRUE
7891031409039;KETCHUP HEMMER 320GR;GENÉRICO;MOLHOS E TEMPEROS;;;;;TRUE
7891031409404;KETCHUP HEMMER 320G;GENÉRICO;MOLHOS E TEMPEROS;;;;;TRUE
7891031412176;MAIONESE HEMMER 500G;GENÉRICO;MOLHOS E TEMPEROS;;;;;TRUE
7891035024177;REPELENTE SBP REFIL 250ML;GENÉRICO;DESCARTÁVEIS E UTILIDADES;;;;;TRUE
7891035209000;VEJA GOLD MULTIUSO CAMPESTRE 500ML;GENÉRICO;LIMPEZA;;;;;TRUE
7891035210006;VEJA MULTIUSO ORIGINAL 500ML;GENÉRICO;LIMPEZA;;;;;TRUE
7891035210334;VEJA MULTI-USO LAVANDA 500ML;GENÉRICO;LIMPEZA;;;;;TRUE
7891035800214;VEJA GOLD 500ML;GENÉRICO;LIMPEZA;;;;;TRUE
7891035990861;PRESERVATIVO OLLA PLAY 3UND;GENÉRICO;HIGIENE PESSOAL;;;;;TRUE
7891048040003;FERMENTO EM PÓ DR OETKER 100G;GENÉRICO;MERCEARIA;;;;;TRUE
7891055324301;ESCOVA DE DENTE CONDOR C/1 UNDS;GENÉRICO;HIGIENE PESSOAL;;;;;TRUE
7891055337318;ESCOVA DE DENTE CONDOR 1 UND;GENÉRICO;HIGIENE PESSOAL;;;;;TRUE
7891055337349;ESCOVA DE DENTE CONDOR C/1 UND;GENÉRICO;HIGIENE PESSOAL;;;;;TRUE
7891055805701;ESCOVA DE DENTE CONDOR 1UND;GENÉRICO;HIGIENE PESSOAL;;;;;TRUE
7891079000205;MIOJO NISSIN CARNE 85G;GENÉRICO;MERCEARIA;;;;;TRUE
7891079000229;MIOJO NISSIN LÁMEN GALINHA CAIPIRA 85G;GENÉRICO;MERCEARIA;;;;;TRUE
7891079001028;MIOJO NISSIN LAMEN TURMA DA MÔNICA 85G;GENÉRICO;MERCEARIA;;;;;TRUE
7891079013038;CUP NOODLES GALINHA CAIPIRA 68G;GENÉRICO;MERCEARIA;;;;;TRUE
7891079013052;CUP NOODLES CARNE 68G;GENÉRICO;MERCEARIA;;;;;TRUE
7891079013083;CUP NOODLES COSTELA 68G;GENÉRICO;MERCEARIA;;;;;TRUE
7891079013113;CUP NOODLES CHEDDAR 68G;GENÉRICO;MERCEARIA;;;;;TRUE
7891079013120;CUP NOODLES BOLONHESA 68G;GENÉRICO;MERCEARIA;;;;;TRUE
7891080007705;FARINHA DE TRIGO FARINA 1KG;GENÉRICO;MERCEARIA;;;;;TRUE
7891089040277;AZEITE DE OLIVA LA VIOLETERA 500ML;GENÉRICO;MERCEARIA;;;;;TRUE
7891089044244;PASSATA MASTROIANI 680G;GENÉRICO;MOLHOS E TEMPEROS;;;;;TRUE
7891089100575;AZEITONA LA VIOLETERA C/ CAROÇO 120G;GENÉRICO;MERCEARIA;;;;;TRUE
7891089444877;CHAMPIGNON INTEIRO LA VIOLETERA 170G;GENÉRICO;MERCEARIA;;;;;TRUE
7891089447939;AZEITONA LA VIOLETERA 120G;GENÉRICO;MERCEARIA;;;;;TRUE
7891089447946;AZEITONA LA VIOLETERA 150GR;GENÉRICO;MERCEARIA;;;;;TRUE
7891089447953;AZEITONA LA VIOLETERA 120G;GENÉRICO;MERCEARIA;;;;;TRUE
7891089457136;AZEITONA LA VIOLETERA 150G;GENÉRICO;MERCEARIA;;;;;TRUE
7891095006878;KIMILHO FLOÇÃO YOKI 500G;GENÉRICO;MERCEARIA;;;;;TRUE
7891095008452;PIPOCA MICRO ONDAS YOKI MANTEIGA CINEMA 100G;GENÉRICO;MERCEARIA;;;;;TRUE
7891095028337;AVEIA YOKI 400GR;GENÉRICO;MERCEARIA;;;;;TRUE
7891095028351;AVEIA YOKI 400G;GENÉRICO;MERCEARIA;;;;;TRUE
7891095029334;TAPIOCA YOKI 500G;GENÉRICO;MERCEARIA;;;;;TRUE
7891095100125;PIPOCA DE MICROONDAS YOKI NATURAL C/SAL 100G;GENÉRICO;MERCEARIA;;;;;TRUE
7891095100729;PIPOCA MICRO ONDAS YOKI BACON 100GR;GENÉRICO;MERCEARIA;;;;;TRUE
7891095100934;PIPOCA DE MICROONDAS YOKI MANTEIGA 100G;GENÉRICO;MERCEARIA;;;;;TRUE
7891095150137;MOLHO DE PIMENTA KITANO 150G;GENÉRICO;MOLHOS E TEMPEROS;;;;;TRUE
7891095154067;OREGANO KITANO 10G;GENÉRICO;MOLHOS E TEMPEROS;;;;;TRUE
7891095154265;ORÉGANO KITANO 3G;GENÉRICO;MOLHOS E TEMPEROS;;;;;TRUE
7891095154272;CANELA KITANO PO 8G;GENÉRICO;GENERICO;;;;;TRUE
7891095154302;FOLHA DE LOURO KITANO 4G;GENÉRICO;MOLHOS E TEMPEROS;;;;;TRUE
7891095156085;ALECRIM KITANO 6G;GENÉRICO;MOLHOS E TEMPEROS;;;;;TRUE
7891095605118;ALHO GRANULADO KITANO 60G;GENÉRICO;MOLHOS E TEMPEROS;;;;;TRUE
7891095605323;TEMPERO PRONTO KITANO 300G;GENÉRICO;MOLHOS E TEMPEROS;;;;;TRUE
7891095911349;MILHO PARA PIPOCA PREMIUM YOKI 400G;GENÉRICO;MERCEARIA;;;;;TRUE
7891095911356;MILHO PARA PIPOCA YOKI 400G;GENÉRICO;MERCEARIA;;;;;TRUE
7891095911479;PIPOCA DE MICROONDAS YOKI 105G;GENÉRICO;MERCEARIA;;;;;TRUE
7891095911486;FAROFA YOKI TRADICIONAL 400G;GENÉRICO;CHURRASCO;;;;;TRUE
7891095911561;FAROFA YOKI 400G;GENÉRICO;CHURRASCO;;;;;TRUE
7891095911639;FAROFA YOKI 200G;GENÉRICO;MERCEARIA;;;;;TRUE
7891097001062;LEITE PARMALAT ZERO LACTOSE 1L;GENÉRICO;IOGURTE E LATICÍNIOS;;;;;TRUE
7891097104336;WHEY PARMALAT MORANGO 250ML;GENÉRICO;IOGURTE E LATICÍNIOS;;;;;TRUE
7891097104343;WHEY PARMALAT CHOCOLATE 250ML;GENÉRICO;IOGURTE E LATICÍNIOS;;;;;TRUE
7891097106255;LEITE BATAVO ZERO LACTOSE 1L;GENÉRICO;IOGURTE E LATICÍNIOS;;;;;TRUE
7891098000040;CHÁ MATTE SAQUINHO 40G;GENÉRICO;CAFÉ E CHÁ;;;;;TRUE
7891098000057;CHÁ MATTE SAQUINHO 30G;GENÉRICO;CAFÉ E CHÁ;;;;;TRUE
7891098000620;CHÁ MATTE LEÃO ORIGINAL 300ML;GENÉRICO;CAFÉ E CHÁ;;;;;TRUE
7891098000637;CHÁ MATTE LEÃO LIMÃO 300ML;GENÉRICO;CAFÉ E CHÁ;;;;;TRUE
7891098000972;CHÁ MATTE LEÃO SAQUINHO 30G;GENÉRICO;CAFÉ E CHÁ;;;;;TRUE
7891107101621;ÓLEO DE SOJA SOYA 900ML;GENÉRICO;MERCEARIA;;;;;TRUE
7891125160457;VODKA NATASHA 900ML;GENÉRICO;DESTILADOS;;;;;TRUE
7891132008391;MOLHO SHOYU SATIS 150ML;GENÉRICO;MOLHOS E TEMPEROS;;;;;TRUE
7891132019038;TEMPERO SABOR AMI SEM PIMENTA 300G;GENÉRICO;MOLHOS E TEMPEROS;;;;;TRUE
7891132019274;TEMPERO SAZÓN SABOR FRANGO 60G;GENÉRICO;MOLHOS E TEMPEROS;;;;;TRUE
7891132019281;SAZÓN PARA CARNES 60G;GENÉRICO;MOLHOS E TEMPEROS;;;;;TRUE
7891132165209;TEMPERO SAZON CARNE 40G;GENÉRICO;MOLHOS E TEMPEROS;;;;;TRUE
7891141024870;ESPUMANTE ROSE CONDE 750ML;GENÉRICO;VINHOS;;;;;TRUE
7891141031731;ESPUMANTE MOSCATEL SAINT GERMAIN 660ML;GENÉRICO;VINHOS;;;;;TRUE
7891141036514;VINHO ESPUMANTE MARCUS JAMES 750ML;GENÉRICO;VINHOS;;;;;TRUE
7891141038235;ESPUMANTE MOSCATEL CONDE 750ML;GENÉRICO;VINHOS;;;;;TRUE
7891143013193;REQUEIJÃO TRADICIONAL POLENGHI 200G;GENÉRICO;FRIOS;;;;;TRUE
7891149010509;CERVEJA BRAHMA 350ML;GENÉRICO;CERVEJAS;;;;;TRUE
7891149101528;CERVEJA BRAHMA MALZBIER 350ML;GENÉRICO;CERVEJAS;;;;;TRUE
7891149105564;SKOL BEATS SENSES 269ML;GENÉRICO;DESTILADOS;;;;;TRUE
7891149108718;CERVEJA CORONA 330ML;GENÉRICO;CERVEJAS;;;;;TRUE
7891149108749;CERVEJA CORONITA EXTRA 210ML;GENÉRICO;CERVEJAS;;;;;TRUE
7891149200504;CERVEJA SKOL LATA 350 ML;GENÉRICO;CERVEJAS;;;;;TRUE
7891150001183;SHAMPOO CLEAR MAN ICE COOL 400ML;GENÉRICO;HIGIENE PESSOAL;;;;;TRUE
7891150007406;SHAMPOO CLEAR MAN ICE 200ML;GENÉRICO;HIGIENE PESSOAL;;;;;TRUE
7891150014107;SHAMPOO CLEAR MAN 200ML;GENÉRICO;HIGIENE PESSOAL;;;;;TRUE
7891150027794;MOSTARDA HELLMANNS 170G;GENÉRICO;MOLHOS E TEMPEROS;;;;;TRUE
7891150045460;AMACIANTE CONFORT 500ML;GENÉRICO;LIMPEZA;;;;;TRUE
7891150055070;AMIDO DE MILHO MAIZENA 200GR;GENÉRICO;MERCEARIA;;;;;TRUE
7891150059870;SABONETE LUX BOTANICALS 85G;GENÉRICO;HIGIENE PESSOAL;;;;;TRUE
7891150059887;SABONETE LUX LAVANDA 85G;GENÉRICO;HIGIENE PESSOAL;;;;;TRUE
7891150060210;SABONETE LÍQUIDO LUX 200ML;GENÉRICO;HIGIENE PESSOAL;;;;;TRUE
7891150060227;SABONETE LÍQUIDO LUX LAVANDA 85G;GENÉRICO;HIGIENE PESSOAL;;;;;TRUE
7891150060968;SHAMPOO CLEAR MAN MENTHOL 400ML;GENÉRICO;HIGIENE PESSOAL;;;;;TRUE
7891150060975;SHAMPOO CLEAR 400ML;GENÉRICO;HIGIENE PESSOAL;;;;;TRUE
7891150064928;LAVA ROUPAS OMO 900ML;GENÉRICO;LIMPEZA;;;;;TRUE
7891150064935;SABÃO LÍQUIDO OMO 900ML;GENÉRICO;LIMPEZA;;;;;TRUE
7891150068834;DESODORANTE REXONA INVISIBLE 200ML;GENÉRICO;HIGIENE PESSOAL;;;;;TRUE
7891150080546;MAIONESE HELLMANNS SUPREME 330G;GENÉRICO;MOLHOS E TEMPEROS;;;;;TRUE
7891150081253;DESODORANTE REXONA POWDER DRY 250ML;GENÉRICO;HIGIENE PESSOAL;;;;;TRUE
7891150081291;DESODORANTE REXONA INVISIBLE 250ML;GENÉRICO;HIGIENE PESSOAL;;;;;TRUE
7891150081307;DESODORANTE REXONA ACTIVE DRY 250ML;GENÉRICO;HIGIENE PESSOAL;;;;;TRUE
7891150083493;DESODORANTE AXE APOLLO 200ML;GENÉRICO;HIGIENE PESSOAL;;;;;TRUE
7891150083509;DESODORANTE AXE MASCULINO 200ML;GENÉRICO;HIGIENE PESSOAL;;;;;TRUE
7891150092716;AMACIANTE CONCENTRADO FOFO 500ML;GENÉRICO;LIMPEZA;;;;;TRUE
7891150092761;AMACIANTE CONCENTRADO FOFO AZUL 500ML;GENÉRICO;LIMPEZA;;;;;TRUE
7891150095267;SHAMPO CLEAR MAN ICE COOL 200ML;GENÉRICO;HIGIENE PESSOAL;;;;;TRUE
7891150095571;SHAMPOO DOVE INTENSE 175ML;GENÉRICO;HIGIENE PESSOAL;;;;;TRUE
7891150099289;SHAMPOO CLEAR MAN HIDRATAÇÃO 200ML;GENÉRICO;HIGIENE PESSOAL;;;;;TRUE
7891151035552;CHICLE BUZZY CROC 4.3G;GENÉRICO;BALAS;;;;;TRUE
7891164004637;LINGUIÇA PARA CHURRASCO AURORA 700G;GENÉRICO;CHURRASCO;;;;;TRUE
7891164005412;SALSICHA HOT DOG AURORA 500G;GENÉRICO;FRIOS;;;;;TRUE
7891164007164;PRESUNTO FATIADO AURORA 180G;GENÉRICO;FRIOS;;;;;TRUE
7891164007188;MORTADELA AURORA BOLONHESA 180G;GENÉRICO;FRIOS;;;;;TRUE
7891164026950;SANDUÍCHE AURORA X-BURGUER 145G;GENÉRICO;CONGELADOS;;;;;TRUE
7891164028237;LEITE INTEGRAL AURORA 1L;GENÉRICO;MERCEARIA;;;;;TRUE
7891164111519;STEAK DE FRANGO AURORA 100G;GENÉRICO;CONGELADOS;;;;;TRUE
7891164135263;LINGUIÇA MISTA NOBRE 700G;GENÉRICO;CHURRASCO;;;;;TRUE
7891164163600;FILÉ SASSAMI AURORA 1KG;GENÉRICO;CONGELADOS;;;;;TRUE
7891167011748;ATUM RALADO GOMES DA COSTA 130G;GENÉRICO;ENLATADOS;;;;;TRUE
7891167021013;SARDINHA GOMES DA COSTA COM ÓLEO 125G;GENÉRICO;ENLATADOS;;;;;TRUE
7891167021020;SARDINHA GOMES COSTA MOLHO TOMATE 84G;GENÉRICO;MOLHOS E TEMPEROS;;;;;TRUE
7891167023017;SARDINHA COQUEIRO 75G;GENÉRICO;ENLATADOS;;;;;TRUE
7891167040403;ATUM RALADO EM ÓLEO PESCADOR 140G;GENÉRICO;ENLATADOS;;;;;TRUE
7891167040410;ATUM RALADO 140G;GENÉRICO;MERCEARIA;;;;;TRUE
7891167040434;ATUM SÓLIDO 88 100G;GENÉRICO;MERCEARIA;;;;;TRUE
7891167099678;SARDINHA EM ÓLEO GOMES E COSTA 75G;GENÉRICO;ENLATADOS;;;;;TRUE
7891172421174;PAPEL NEVE TOQUE DE SEDA C/4UND;GENÉRICO;HIGIENE PESSOAL;;;;;TRUE
7891172422607;PAPEL HIGIÊNICO NEVE SUPREME C/4 UND;GENÉRICO;HIGIENE PESSOAL;;;;;TRUE
7891172523458;PAPEL NEVE TOQUE DA SEDA C/4 UND;GENÉRICO;HIGIENE PESSOAL;;;;;TRUE
7891176117509;SABONETE FRANCIS 85G;GENÉRICO;HIGIENE PESSOAL;;;;;TRUE
7891193010012;BISNAGUINHA SEVEN BOYS 300G;GENÉRICO;MERCEARIA;;;;;TRUE
7891193010081;PÃO SEVEN BOYS 450G;GENÉRICO;MERCEARIA;;;;;TRUE
7891200017324;COLA SUPER BONDER 3,6G;GENÉRICO;DESCARTÁVEIS E UTILIDADES;;;;;TRUE
7891203060082;BISNACK PANCO CHURRASCO 80G;GENÉRICO;SNACKS;;;;;TRUE
78912892;COCA COLA ZERO 250ML;GENÉRICO;REFRIGERANTES;;;;;TRUE
78912908;COCA COLA 250ML;GENÉRICO;REFRIGERANTES;;;;;TRUE
7891331008178;BARRA DE CEREAL NUTRY BOLO 22G;GENÉRICO;DOCES;;;;;TRUE
7891331008369;BARRA DE CEREAL NUTRY BOLO CHOCOLATE 22G;GENÉRICO;BARRA DE CEREAIS E PROTEÍNA;;;;;TRUE
7891331010485;BARRA DE CEREAL NUTRY AVELÃ 22G;GENÉRICO;DOCES;;;;;TRUE
7891331010522;BARRA DE CEREAL NUTRY MORANGO 22G;GENÉRICO;DOCES;;;;;TRUE
7891331014520;BARRA CEREAIS NUTRY FRUTAS VERMELHAS 22G;GENÉRICO;BISCOITOS, PÃES E DOCES;;;;;TRUE
7891331018306;BARRA DE PROTEINA TRIO COOKIES 33G;GENÉRICO;BARRA DE CEREAIS E PROTEÍNA;;;;;TRUE
7891357035257;QUEIJO MUSSARELA VENEZA 150G;GENÉRICO;IOGURTE E LATICÍNIOS;;;;;TRUE
7891515434311;MORTADELA PERDIGÃO OURO 200G;GENÉRICO;FRIOS;;;;;TRUE
7891515474126;STEAK DE FRANGO PERDIGÃO 100G;GENÉRICO;CONGELADOS;;;;;TRUE
7891515474737;STEAK DE FRANGO SADIA 100G;GENÉRICO;CONGELADOS;;;;;TRUE
7891515475680;LASANHA 4 QUEIJOS SADIA 600G;GENÉRICO;CONGELADOS;;;;;TRUE
7891515475697;LASANHA SADIA PRESUNTO E QUEIJO 600G;GENÉRICO;CONGELADOS;;;;;TRUE
7891515475703;LASANHA SADIA BOLONHESA 600G;GENÉRICO;CONGELADOS;;;;;TRUE
7891515484040;PRESUNTO FATIADO PERDIGÃO 200G;GENÉRICO;FRIOS;;;;;TRUE
7891515485528;MINI CHICKEN PERDIGÃO 275G;GENÉRICO;CONGELADOS;;;;;TRUE
7891515485535;MINI CHICKEN PERDIGÃO QUEIJO 275G;GENÉRICO;CONGELADOS;;;;;TRUE
7891515490218;SALAME FATIADO PERDIGÃO 100G;GENÉRICO;FRIOS;;;;;TRUE
7891515490430;LASANHA PERDIGÃO CALABRESA 600G;GENÉRICO;CONGELADOS;;;;;TRUE
7891515492960;PÃO DE QUEIJO PERDIGÃO 900G;GENÉRICO;CONGELADOS;;;;;TRUE
7891515496234;LASANHA PERDIGÃO FRANGO COM BACON 600G;GENÉRICO;CONGELADOS;;;;;TRUE
7891515496357;LASANHA PERDIGÃO BOLONHESA 600G;GENÉRICO;CONGELADOS;;;;;TRUE
7891515532918;PIZZA BRASILEIRA PERDIGÃO 460G;GENÉRICO;CONGELADOS;;;;;TRUE
7891515532925;PIZZA PERDIGÃO NAPOLITANA 460G;GENÉRICO;CONGELADOS;;;;;TRUE
7891515533014;PIZZA PERDIGÃO CALABRESA 460G;GENÉRICO;CONGELADOS;;;;;TRUE
7891515554224;HAMBURGUER MISTO SADIA 56G;GENÉRICO;CONGELADOS;;;;;TRUE
7891515556334;HOT POCKET MAIONESE GRILL 145G;GENÉRICO;CONGELADOS;;;;;TRUE
7891515556341;HOT POCKET BARBECUE 145G;GENÉRICO;CONGELADOS;;;;;TRUE
7891515594312;LINGUIÇA PARA CHURRASCO SADIA 700G;GENÉRICO;CHURRASCO;;;;;TRUE
7891515594411;LINGUIÇA TOSCANA SADIA 700G;GENÉRICO;CHURRASCO;;;;;TRUE
7891515598259;MORTADELA SADIA 180G;GENÉRICO;FRIOS;;;;;TRUE
7891515605704;MAC & CHEESE CHEDDAR E CALABRESA 300G;GENÉRICO;CONGELADOS;;;;;TRUE
7891515606312;MAC & CHEESE SEARA CHEDDAR E BACON 300G;GENÉRICO;CONGELADOS;;;;;TRUE
7891515606329;MAC & CHEESE CHEDDAR 300G;GENÉRICO;CONGELADOS;;;;;TRUE
7891515620981;LINGUIÇA CALABRESA SADIA 400G;GENÉRICO;FRIOS;;;;;TRUE
7891515621063;PIZZA PERDIGÃO FRANGO COM BACON 460G;GENÉRICO;CONGELADOS;;;;;TRUE
7891515637811;SALAME BORELLA 300G;GENÉRICO;FRIOS;;;;;TRUE
7891515646431;SANDUICHE PERDIGÃO X-BURGUER 145G;GENÉRICO;CONGELADOS;;;;;TRUE
7891515646448;SANDUÍCHE PERDIGÃO CHURRASBURGER 145G;GENÉRICO;CONGELADOS;;;;;TRUE
7891515646455;SANDUICHE PERDIGÃO TOSCANA 145G;GENÉRICO;CONGELADOS;;;;;TRUE
7891515775636;MORTADELA FATIADA PERDIGÃO 200G;GENÉRICO;FRIOS;;;;;TRUE
7891515977511;LINGUIÇA CALABRESA PERDIGÃO 400G;GENÉRICO;FRIOS;;;;;TRUE
7891515989408;HAMBÚRGUER PERDIGÃO 58G;GENÉRICO;CONGELADOS;;;;;TRUE
7891527066319;PÃO DE ALHO COPACOL 400G;GENÉRICO;CHURRASCO;;;;;TRUE
7891527962338;FILÉ SASSAMI COPACOL 800G;GENÉRICO;CONGELADOS;;;;;TRUE
7891528016498;ESCOVA DE DENTE SORRISO C/1 UND;GENÉRICO;HIGIENE PESSOAL;;;;;TRUE
7891528016504;ESCOVA DE DENTE SORRISO C/1 UNDS;GENÉRICO;HIGIENE PESSOAL;;;;;TRUE
7891910000197;AÇÚCAR REFINADO UNIÃO 1KG;GENÉRICO;MERCEARIA;;;;;TRUE
7891962000725;BOLINHO BAUDUCCO DUPLO CHOCOLATE 40G;GENÉRICO;BOLOS E BOLACHAS;;;;;TRUE
7891962015620;BOLINHO BAUDUCCO MORANGO 40G;GENÉRICO;BOLOS E BOLACHAS;;;;;TRUE
7891962031170;BOLINHO BAUDUCCO DUPLO CHOCOLATE 40G;GENÉRICO;BOLOS E BOLACHAS;;;;;TRUE
7891962031187;BOLINHO BAUDUCCO DUPLO CHOCOLATE 40GR;GENÉRICO;BOLOS E BOLACHAS;;;;;TRUE
7891962036984;WAFER BAUDUCCO CHOCOLATE 140G;GENÉRICO;BOLOS E BOLACHAS;;;;;TRUE
7891962037004;WAFER BAUDUCCO SABOR MORANGO 140G;GENÉRICO;BOLOS E BOLACHAS;;;;;TRUE
7891962037028;WAFER BAUDUCCO SABOR CHOCOLATE 140G;GENÉRICO;BOLOS E BOLACHAS;;;;;TRUE
7891962045160;BISCOITO BAUDUCCO CEREALE CACAU 170G;GENÉRICO;BOLOS E BOLACHAS;;;;;TRUE
7891962047560;BISCOITO BAUDUCCO INTEGRAL CEREALE 170G;GENÉRICO;BOLOS E BOLACHAS;;;;;TRUE
7891962051062;BOLACHA CEREALE LARANJA 147G;GENÉRICO;BOLOS E BOLACHAS;;;;;TRUE
7891962051079;BOLACHA CEREALE MAÇÃ E UVA PASSA 140G;GENÉRICO;BOLOS E BOLACHAS;;;;;TRUE
7891962051338;PÃO TRADICIONAL VISCONTI 400G;GENÉRICO;MERCEARIA;;;;;TRUE
7891962051345;PÃO DE FORMA VISCONTI INTEGRAL 400G;GENÉRICO;MERCEARIA;;;;;TRUE
7891962053189;TORRADA BAUDUCCO 142G;GENÉRICO;MERCEARIA;;;;;TRUE
7891962054476;COOKIES BAUDUCCO 60G;GENÉRICO;BOLOS E BOLACHAS;;;;;TRUE
7891962054810;COOKIES BAUDUCCO 60GR;GENÉRICO;BOLOS E BOLACHAS;;;;;TRUE
7891962060361;CHOCO BISCUIT BAUDUCCO 36G;GENÉRICO;BOLOS E BOLACHAS;;;;;TRUE
7891962063874;BISNAGUINHA BAUDUCCO 260G;GENÉRICO;MERCEARIA;;;;;TRUE
7891962064048;PÃO DE FORMA BAUDUCCO 390G;GENÉRICO;MERCEARIA;;;;;TRUE
7891962064055;PÃO DE FORMA BAUDUCCO INTEGRAL 390G;GENÉRICO;MERCEARIA;;;;;TRUE
7891962067346;BOLINHO BAUDUCCO BAUNILHA 40G;GENÉRICO;BOLOS E BOLACHAS;;;;;TRUE
7891962069913;PÃO HOT DOG BAUDUCCO 200G;GENÉRICO;MERCEARIA;;;;;TRUE
7891962069920;PÃO DE HAMBÚRGUER BAUDUCCO 200G;GENÉRICO;MERCEARIA;;;;;TRUE
7891962071879;BISNAGUINHA VISCONTI 240G;GENÉRICO;MERCEARIA;;;;;TRUE
7891962074665;BOLINHO BAUDUCCO GOTAS DE CHOCOLATE 40G;GENÉRICO;BOLOS E BOLACHAS;;;;;TRUE
7891962080574;BISCOITO DE PÁSCOA BAUDUCCO 90G;GENÉRICO;BOLOS E BOLACHAS;;;;;TRUE
7891991000727;GUARANÁ ANTARTICA ZERO 350ML;GENÉRICO;REFRIGERANTES;;;;;TRUE
7891991000826;GUARANÁ ANTARTICA 350ML;GENÉRICO;REFRIGERANTES;;;;;TRUE
7891991000840;ÁGUA TÔNICA ANTARCTICA 350ML;GENÉRICO;AGUAS;;;;;TRUE
7891991001342;GUARANA ANTARTICA 2L;GENÉRICO;REFRIGERANTES;;;;;TRUE
7891991001373;GUARANÁ ANTARCTICA ZERO 2L;GENÉRICO;REFRIGERANTES;;;;;TRUE
7891991002561;GUARANÁ ANTARCTICA 1L;GENÉRICO;REFRIGERANTES;;;;;TRUE
7891991008655;GUARANA ANTARTICA 2,5L;GENÉRICO;REFRIGERANTES;;;;;TRUE
7891991008761;GUARANÁ ANTARTICA 1,5L;GENÉRICO;REFRIGERANTES;;;;;TRUE
7891991008785;GUARANÁ ANTARTICA ZERO 1,5L;GENÉRICO;REFRIGERANTES;;;;;TRUE
7891991010481;CERVEJA BUDWEISER 350ML;GENÉRICO;CERVEJAS;;;;;TRUE
7891991014762;CERVEJA BUDWEISER 330ML;GENÉRICO;CERVEJAS;;;;;TRUE
7891991015493;CERVEJA ORIGINAL 350ML;GENÉRICO;CERVEJAS;;;;;TRUE
7891991295055;CERVEJA CORONA 350ML;GENÉRICO;CERVEJAS;;;;;TRUE
7891991295086;CERVEJA ORIGINAL 269ML;GENÉRICO;CERVEJAS;;;;;TRUE
7891991297424;CERVEJA SPATEN 350ML;GENÉRICO;CERVEJAS;;;;;TRUE
7891991301114;SKOL BEATS GIN & TONICA 269ML;GENÉRICO;CERVEJAS;;;;;TRUE
7891991301138;SKOL BEATS SENSES LONG NECK 269ML;GENÉRICO;DESTILADOS;;;;;TRUE
7891991303484;CERVEJA CORONA EXTRA 330ML;GENÉRICO;CERVEJAS;;;;;TRUE
7891991306164;SKOL BEATS TROPICAL 269ML;GENÉRICO;DESTILADOS;;;;;TRUE
7891991307185;SKOL BEATS RED 269ML;GENÉRICO;DESTILADOS;;;;;TRUE
7891991307994;SKOL BEATS GREEN MIX 269ML;GENÉRICO;DESTILADOS;;;;;TRUE
7891999144461;REQUEIJÃO CREMOSO VIGOR 200G;GENÉRICO;IOGURTE E LATICÍNIOS;;;;;TRUE
7891999144485;REQUEIJÃO VIGOR 200G;GENÉRICO;FRIOS;;;;;TRUE
7891999970053;QUEIJO RALADO VIGOR 50GR;GENÉRICO;MERCEARIA;;;;;TRUE
7892300000933;FARINHA DE MILHO FLOCADA SINHA 500G;GENÉRICO;MERCEARIA;;;;;TRUE
7892300989408;BOLACHA OREO MORANGO 90G;GENÉRICO;BOLOS E BOLACHAS;;;;;TRUE
78927988;CHICLETE ARCOR TUTTI FRUTTI 4G;GENÉRICO;BALAS;;;;;TRUE
78928008;CHICLETE ARCOR POOSH 5G;GENÉRICO;BALAS;;;;;TRUE
7892840800000;PEPSI 2L;GENÉRICO;REFRIGERANTES;;;;;TRUE
7892840800079;PEPSI 350ML;GENÉRICO;REFRIGERANTES;;;;;TRUE
7892840802707;PEPSI 2,5L;GENÉRICO;REFRIGERANTES;;;;;TRUE
7892840808020;GATORADE LARANJA 500ML;GENÉRICO;ENERGÉTICOS E ISOTÔNICOS;;;;;TRUE
7892840808037;GATORADE LIMÃO 500ML;GENÉRICO;ENERGÉTICOS E ISOTÔNICOS;;;;;TRUE
7892840808044;GATORADE TANGERINA 500ML;GENÉRICO;ENERGÉTICOS E ISOTÔNICOS;;;;;TRUE
7892840808051;GATORADE UVA 500ML;GENÉRICO;ENERGÉTICOS E ISOTÔNICOS;;;;;TRUE
7892840808068;GATORADE MARACUJÁ 500ML;GENÉRICO;ENERGÉTICOS E ISOTÔNICOS;;;;;TRUE
7892840812423;H2O LIMÃO 500ML;GENÉRICO;AGUAS;;;;;TRUE
7892840812737;H2O CITRUS 500ML;GENÉRICO;AGUAS;;;;;TRUE
7892840812850;H2O LIMONETO 500ML;GENÉRICO;AGUAS;;;;;TRUE
7892840815769;AVEIA EM FLOCOS FINOS QUAKER 165G;GENÉRICO;MERCEARIA;;;;;TRUE
7892840815912;DORITOS 84G;GENÉRICO;SNACKS;;;;;TRUE
7892840815950;BATATA SENSAÇÕES SABOR FRANGO GRELHADO 80G;GENÉRICO;SNACKS;;;;;TRUE
7892840816254;CHEETOS REQUEIJÃO 45G;GENÉRICO;SNACKS;;;;;TRUE
7892840816438;FANDANGOS 45G;GENÉRICO;SNACKS;;;;;TRUE
7892840816636;CHEETOS ONDA REQUEIJÃO 75G;GENÉRICO;SNACKS;;;;;TRUE
7892840817916;DORITOS 210G;GENÉRICO;SNACKS;;;;;TRUE
7892840817978;RUFFLES 115G;GENÉRICO;SNACKS;;;;;TRUE
7892840818203;RUFFLES 76G;GENÉRICO;SNACKS;;;;;TRUE
7892840818357;DORITOS 300G;GENÉRICO;SNACKS;;;;;TRUE
7892840819507;TODDY 370G;GENÉRICO;MERCEARIA;;;;;TRUE
7892840820299;TORCIDA CHURRASCO 38G;GENÉRICO;SNACKS;;;;;TRUE
7892840821197;CHEETOS ONDA REQUEIJÃO 45G;GENÉRICO;SNACKS;;;;;TRUE
7892840822040;BATATA TUBO RUFFLES 100G;GENÉRICO;SNACKS;;;;;TRUE
7892840822286;CHEETOS LUA 35G;GENÉRICO;SNACKS;;;;;TRUE
7892840822309;CHEETOS REQUEIJÃO 40G;GENÉRICO;SNACKS;;;;;TRUE
7892840822323;CHEETOS 160G;GENÉRICO;SNACKS;;;;;TRUE
7892840822347;DORITOS 75G;GENÉRICO;SNACKS;;;;;TRUE
7892840822422;TORCIDA BACON 35G;GENÉRICO;SNACKS;;;;;TRUE
7892840822446;DORITOS 120G;GENÉRICO;SNACKS;;;;;TRUE
7892840822477;TORCIDA CHURRASCO 35G;GENÉRICO;SNACKS;;;;;TRUE
7892840822484;TORCIDA COSTELINHA LIMÃO 35G;GENÉRICO;SNACKS;;;;;TRUE
7892840822491;TORCIDA PÃO DE ALHO 35G;GENÉRICO;SNACKS;;;;;TRUE
7892840822521;TORCIDA QUEIJO 35G;GENÉRICO;SNACKS;;;;;TRUE
7892840822552;TORCIDA BACON 60G;GENÉRICO;SNACKS;;;;;TRUE
7892840822576;TORCIDA CEBOLA 60G;GENÉRICO;SNACKS;;;;;TRUE
7892840822590;TORCIDA CHURRASCO 60G;GENÉRICO;SNACKS;;;;;TRUE
7892840822606;TORCIDA COSTELINHA COM LIMÃO 60G;GENÉRICO;SNACKS;;;;;TRUE
7892840822620;TORCIDA PÃO DE ALHO 60G;GENÉRICO;SNACKS;;;;;TRUE
7892840822637;TORCIDA PIMENTA MEXICANA 60G;GENÉRICO;SNACKS;;;;;TRUE
7892840822644;TORCIDA QUEIJO 60G;GENÉRICO;SNACKS;;;;;TRUE
7892840822774;BACONZITOS 86G;GENÉRICO;SNACKS;;;;;TRUE
7892840822859;FANDANGOS 35G;GENÉRICO;SNACKS;;;;;TRUE
7892840822873;FANDANGOS 190G;GENÉRICO;SNACKS;;;;;TRUE
7892840822903;FANDANGOS 160G;GENÉRICO;SNACKS;;;;;TRUE
7892840822934;FANDANGOS 270G;GENÉRICO;SNACKS;;;;;TRUE
7892840822972;RUFFLES 33G;GENÉRICO;SNACKS;;;;;TRUE
7892840823054;RUFFLES 68G;GENÉRICO;SNACKS;;;;;TRUE
7892840823061;FANDANGOS 60G;GENÉRICO;SNACKS;;;;;TRUE
7892840823078;PINGO DE OURO BACON 76G;GENÉRICO;SNACKS;;;;;TRUE
7892840823085;CHEETOS 190G;GENÉRICO;SNACKS;;;;;TRUE
7892840823108;PINGO DE OURO BACON 160G;GENÉRICO;SNACKS;;;;;TRUE
7892840823146;PINGO DE OURO PICANHA 120G;GENÉRICO;SNACKS;;;;;TRUE
7892840823238;CHEETOS 270G;GENÉRICO;SNACKS;;;;;TRUE
7892840823382;BATATA LAYS 70G;GENÉRICO;SNACKS;;;;;TRUE
7892840823429;SENSAÇÕES FRANGO 70G;GENÉRICO;SNACKS;;;;;TRUE
7892840823443;SENSAÇÕES PEITO DE PERU 70G;GENÉRICO;SNACKS;;;;;TRUE
7892840824129;FANDANGOS 250G;GENÉRICO;SNACKS;;;;;TRUE
7892840824143;CHEETOS 250G;GENÉRICO;SNACKS;;;;;TRUE
7892840824396;CEBOLITOS 91G;GENÉRICO;SNACKS;;;;;TRUE
7892840824976;CHEETOS BOLA DE QUEIJO 33G;GENÉRICO;SNACKS;;;;;TRUE
7892840825065;FANDANGOS 85G;GENÉRICO;SNACKS;;;;;TRUE
7892840825133;BATATA LAYS 62G;GENÉRICO;SNACKS;;;;;TRUE
7892840825256;PINGO DE OURO 76GR;GENÉRICO;SNACKS;;;;;TRUE
7892840825355;DORITOS 183G;GENÉRICO;SNACKS;;;;;TRUE
7893000027701;HOT POCKET X-BURGUER 145G;GENÉRICO;CONGELADOS;;;;;TRUE
7893000027718;HOT POCKET SADIA FRANGO 145G;GENÉRICO;CONGELADOS;;;;;TRUE
7893000043213;HOT POCKET SADIA PICANHA 145G;GENÉRICO;CONGELADOS;;;;;TRUE
7893000043220;HOT POCKET SADIA X BACON 145G;GENÉRICO;CONGELADOS;;;;;TRUE
7893000081628;MARGARINA QUALY AÉRA C/SAL 250G;GENÉRICO;FRIOS;;;;;TRUE
7893000290259;SALAME FATIADO SADIA 100G;GENÉRICO;FRIOS;;;;;TRUE
7893000382961;MARGARINA QUALY S/SAL 250GR;GENÉRICO;FRIOS;;;;;TRUE
7893000383005;MARGARINA QUALY  S/SAL 500G;GENÉRICO;FRIOS;;;;;TRUE
7893000394117;MARGARINA QUALY CREMOSA C/SAL 250G;GENÉRICO;FRIOS;;;;;TRUE
7893000394209;MARGARINA CREMOSA COM SAL QUALY 500G;GENÉRICO;FRIOS;;;;;TRUE
7893000632073;PIZZA SADIA CALABRESA 460G;GENÉRICO;CONGELADOS;;;;;TRUE
7893000632233;PIZZA SADIA 4 QUEIJOS 460G;GENÉRICO;CONGELADOS;;;;;TRUE
7893000672109;PIZZA SADIA FRANGO C/ CATUPIRI 460G;GENÉRICO;CONGELADOS;;;;;TRUE
7893000949270;NUGGETS SADIA 300 GRS;GENÉRICO;CONGELADOS;;;;;TRUE
7893000949355;NUGGETS SADIA FRANGO 300G;GENÉRICO;CONGELADOS;;;;;TRUE
7893218002576;VODKA SMIRNOFF 600ML;GENÉRICO;DESTILADOS;;;;;TRUE
7893218003603;SMIRNOFF ICE 275ML;GENÉRICO;DESTILADOS;;;;;TRUE
7893218003610;SMIRNOFF ICE LATA 269ML;GENÉRICO;DESTILADOS;;;;;TRUE
7893218003986;ICE SMIRNOFF MAÇÃ VERDE 269ML;GENÉRICO;DESTILADOS;;;;;TRUE
78933873;COCA COLA ZERO 200ML;GENÉRICO;REFRIGERANTES;;;;;TRUE
7893500018469;ARROZ TIO JOÃO PARBOILIZADO 1KG;GENÉRICO;MERCEARIA;;;;;TRUE
78935495;CERVEJA HEINEKEN 250ML;GENÉRICO;CERVEJAS;;;;;TRUE
78936683;CERVEJA HEINEKEN 330ML;GENÉRICO;CERVEJAS;;;;;TRUE
78938793;HALLS CEREJA 28G;GENÉRICO;BALAS;;;;;TRUE
78938816;HALLS PRETO 28G;GENÉRICO;BALAS;;;;;TRUE
78938823;HALLS MENTOL 28G;GENÉRICO;BALAS;;;;;TRUE
78938830;HALLS MENTA 28G;GENÉRICO;BALAS;;;;;TRUE
78938847;HALLS MORANGO 28G;GENÉRICO;BALAS;;;;;TRUE
78938854;BALA HALLS MELANCIA 28G;GENÉRICO;BISCOITOS, PÃES E DOCES;;;;;TRUE
78939301;BOMBOM SONHO DE VALSA LACTA 20G;GENÉRICO;DOCES;;;;;TRUE
78939318;BOMBOM OURO BRANCO LACTA 20G;GENÉRICO;DOCES;;;;;TRUE
7894000010014;AMIDO DE MILHO MAIZENA DURYEA 200G;GENÉRICO;MERCEARIA;;;;;TRUE
7894000030470;MAIONESE HELLMANNS SACHE 200G;GENÉRICO;MOLHOS E TEMPEROS;;;;;TRUE
7894321722016;TODDYNHO 200ML;GENÉRICO;IOGURTE E LATICÍNIOS;;;;;TRUE
78945449;TIC TAC MENTA 15G;GENÉRICO;BALAS;;;;;TRUE
78945456;TIC TAC LARANJA 15G;GENÉRICO;BALAS;;;;;TRUE
78945494;TIC TAC FRESH MENTA 15G;GENÉRICO;BALAS;;;;;TRUE
7894650937679;REPELENTE FAMILY OFF 100ML;GENÉRICO;DESCARTÁVEIS E UTILIDADES;;;;;TRUE
7894900010014;AMIDO DE MILHO MAIZENA 200G;GENÉRICO;MERCEARIA;;;;;TRUE
7894900010015;COCA COLA 350ML;GENÉRICO;REFRIGERANTES;;;;;TRUE
7894900011159;COCA COLA 310ML;GENÉRICO;REFRIGERANTES;;;;;TRUE
7894900011609;COCA COLA 600ML;GENÉRICO;REFRIGERANTES;;;;;TRUE
7894900011753;COCA COLA 1,5L;GENÉRICO;REFRIGERANTES;;;;;TRUE
7894900025019;COCA COLA CAFÉ 220 ML;GENÉRICO;DESTILADOS;;;;;TRUE
7894900027013;COCA COLA ORIGINAL 2L;GENÉRICO;REFRIGERANTES;;;;;TRUE
7894900027020;COCA COLA ORIGINAL 2,5L;GENÉRICO;REFRIGERANTES;;;;;TRUE
7894900030013;FANTA LARANJA 350ML;GENÉRICO;REFRIGERANTES;;;;;TRUE
7894900030396;FANTA LARANJA 220ML;GENÉRICO;REFRIGERANTES;;;;;TRUE
7894900031515;FANTA LARANJA 2L;GENÉRICO;REFRIGERANTES;;;;;TRUE
7894900050011;FANTA UVA 350ML;GENÉRICO;REFRIGERANTES;;;;;TRUE
7894900051513;FANTA UVA 2L;GENÉRICO;REFRIGERANTES;;;;;TRUE
7894900061512;SPRITE ZERO 2L;GENÉRICO;REFRIGERANTES;;;;;TRUE
7894900150018;FANTA LARANJA ZERO 350ML;GENÉRICO;REFRIGERANTES;;;;;TRUE
7894900180503;SCHWEPPES CITRUS 350ML;GENÉRICO;AGUAS;;;;;TRUE
7894900184204;VODKA SCHWEPPES 250ML;GENÉRICO;DESTILADOS;;;;;TRUE
7894900300017;SCHWEPPES TÔNICA 350ML;GENÉRICO;AGUAS;;;;;TRUE
7894900320015;SCHWEPPES LEVE EM AÇÚCARES 350ML;GENÉRICO;AGUAS;;;;;TRUE
7894900337006;VODKA SPRITE ABSOLUT 269ML;GENÉRICO;DESTILADOS;;;;;TRUE
7894900360011;SCHWEPPES TÔNICA ZERO 350ML;GENÉRICO;AGUAS;;;;;TRUE
7894900501001;ISOTÔNICO POWERADE UVA 500ML;GENÉRICO;ENERGÉTICOS E ISOTÔNICOS;;;;;TRUE
7894900502046;ISOTÔNICO POWERADE TANGERINA 500ML;GENÉRICO;ENERGÉTICOS E ISOTÔNICOS;;;;;TRUE
7894900503029;ISOTÔNICO POWERADE LARANJA 500ML;GENÉRICO;ENERGÉTICOS E ISOTÔNICOS;;;;;TRUE
7894900521504;H20 FRUTAS VERMELHAS CRYSTAL 510ML;GENÉRICO;AGUAS;;;;;TRUE
7894900530001;ÁGUA CRYSTAL S/GÁS 500ML;GENÉRICO;AGUAS;;;;;TRUE
7894900530032;ÁGUA CRYSTAL 1,5L;GENÉRICO;AGUAS;;;;;TRUE
7894900530056;AGUA CRYSTAL 5L;GENÉRICO;AGUAS;;;;;TRUE
7894900531008;ÁGUA CRYSTAL C/GÁS 500ML;GENÉRICO;AGUAS;;;;;TRUE
7894900531015;AGUA CRYSTAL C/GAS 1,5L;GENÉRICO;AGUAS;;;;;TRUE
7894900550030;SUCO DEL VALLE FRUIT UVA 1L;GENÉRICO;SUCOS;;;;;TRUE
7894900556032;SUCO DEL VALLE FRUIT LARANJA 1LT;GENÉRICO;SUCOS;;;;;TRUE
7894900556063;SUCO DEL VALLE LARANJA 1,5L;GENÉRICO;SUCOS;;;;;TRUE
7894900593709;SUCO KAPO UVA 200ML;GENÉRICO;SUCOS;;;;;TRUE
7894900610017;SUCO DEL VALLE 100% LARANJA 1L;GENÉRICO;SUCOS;;;;;TRUE
7894900660333;SUCO DEL VALLE LATA 290ML;GENÉRICO;SUCOS;;;;;TRUE
7894900660418;SUCO DEL VALLE LARANJA 200ML;GENÉRICO;SUCOS;;;;;TRUE
7894900660425;SUCO DEL VALLE PÊSSEGO 200ML;GENÉRICO;SUCOS;;;;;TRUE
7894900660432;SUCO DEL VALLE UVA 200ML;GENÉRICO;SUCOS;;;;;TRUE
7894900680508;SPRITE FRESH LEMON 510ML;GENÉRICO;AGUAS;;;;;TRUE
7894900681000;SPRITE 2L;GENÉRICO;REFRIGERANTES;;;;;TRUE
7894900700015;COCA COLA ZERO 350ML;GENÉRICO;REFRIGERANTES;;;;;TRUE
7894900701159;COCA COLA ZERO 310ML;GENÉRICO;REFRIGERANTES;;;;;TRUE
7894900701517;COCA COLA ZERO 2L;GENÉRICO;REFRIGERANTES;;;;;TRUE
7894900701609;COCA COLA ZERO 600ML;GENÉRICO;REFRIGERANTES;;;;;TRUE
7894900701753;COCA COLA ZERO 1,5L;GENÉRICO;REFRIGERANTES;;;;;TRUE
7894904005482;SALSICHA HOT DOG SEARA 500G;GENÉRICO;FRIOS;;;;;TRUE
7894904009862;LINGUIÇA CALABRESA SEARA 400G;GENÉRICO;FRIOS;;;;;TRUE
7894904009893;SALSICHA SEARA 500G;GENÉRICO;FRIOS;;;;;TRUE
7894904082704;LASANHA SEARA BOLONHESA 600G;GENÉRICO;CONGELADOS;;;;;TRUE
7894904082728;LASANHA SEARA 4 QUEIJOS 600G;GENÉRICO;CONGELADOS;;;;;TRUE
7894904215942;HOT HIT SEARA BACON E CHEDDAR 145G;GENÉRICO;CONGELADOS;;;;;TRUE
7894904243969;MAC & CHEESE CHEDDAR E BACON 300G;GENÉRICO;CONGELADOS;;;;;TRUE
7894904245871;MAC & CHEESE SEARA SABOR CHEDDAR 300G;GENÉRICO;CONGELADOS;;;;;TRUE
7894904268511;PRESUNTO FATIADO SEARA 180G;GENÉRICO;FRIOS;;;;;TRUE
7894904268573;MORTADELA SEARA DEFUMADA 180G;GENÉRICO;FRIOS;;;;;TRUE
7894904325702;PIZZA SEARA FRANGO COM CATUPIRY 460G;GENÉRICO;CONGELADOS;;;;;TRUE
7894904326044;PIZZA SEARA CALABRESA 460G;GENÉRICO;CONGELADOS;;;;;TRUE
7894904326068;PIZZA SEARA MUSSARELA 460G;GENÉRICO;CONGELADOS;;;;;TRUE
7894904326259;PIZZA SEARA 4 QUEIJOS;GENÉRICO;CONGELADOS;;;;;TRUE
7894904500116;TEKITOS SEARA 300G;GENÉRICO;CONGELADOS;;;;;TRUE
7894904500383;HAMBURGUER SEARA 56G;GENÉRICO;CONGELADOS;;;;;TRUE
7894904555659;SALAME SEARA 100G;GENÉRICO;FRIOS;;;;;TRUE
7894904574780;MARGARINA DORIANA C/SAL 250G;GENÉRICO;FRIOS;;;;;TRUE
7894904578566;PIZZA SEARA LOMBO COM CATUPIRY 460G;GENÉRICO;CONGELADOS;;;;;TRUE
7894904605071;LINGUIÇA PARA CHURRASCO SEARA 600GR;GENÉRICO;CHURRASCO;;;;;TRUE
7894904605088;LINGUIÇA SUÍNA SEARA 600G;GENÉRICO;CHURRASCO;;;;;TRUE
7894904605101;LINGUIÇA PARA CHURRASCO SEARA 600G;GENÉRICO;CHURRASCO;;;;;TRUE
7894904678280;HOT HIT SEARA X PICANHA 145G;GENÉRICO;CONGELADOS;;;;;TRUE
7894904678761;LASANHA REZENDE QUEIJO/PRESUNTO 600G;GENÉRICO;CONGELADOS;;;;;TRUE
7894904684359;CHICKENITOS SEARA 300G;GENÉRICO;CONGELADOS;;;;;TRUE
7894904684397;CHIKENITOS SEARA 300G;GENÉRICO;CONGELADOS;;;;;TRUE
7894904727186;LINGUIÇA TOSCANA SEARA 700G;GENÉRICO;CHURRASCO;;;;;TRUE
7895144209258;BALA MENTOS RAINBOW 29,5G;GENÉRICO;BALAS;;;;;TRUE
7895144603148;BALA MENTOS RAINBOW 38G;GENÉRICO;BALAS;;;;;TRUE
7895144603223;MENTOS TUTTI FRUTTI 37,5G;GENÉRICO;BALAS;;;;;TRUE
7895800002940;CHICLETE BUBBALOO MORANGO 5G;GENÉRICO;BALAS;;;;;TRUE
7895800304228;TRIDENT MENTA 8G;GENÉRICO;BALAS;;;;;TRUE
7895800309780;TRIDENT MELANCIA 8G;GENÉRICO;BALAS;;;;;TRUE
7895800430002;TRIDENT TUTTI FRUTTI 8G;GENÉRICO;BALAS;;;;;TRUE
7896000593672;AGUA DE COCO PURO COCO 1L;GENÉRICO;AGUAS;;;;;TRUE
7896000594099;SUCO MAGUARY UVA 200ML;GENÉRICO;SUCOS;;;;;TRUE
7896000597250;SUCO MAGUARY UVA 150ML;GENÉRICO;SUCOS;;;;;TRUE
7896002100014;CACHAÇA 51 965ML;GENÉRICO;DESTILADOS;;;;;TRUE
7896002110419;ICE 51 LIMÃO 275ML;GENÉRICO;DESTILADOS;;;;;TRUE
7896002304832;RAP 10 TAPIOCA 300G;GENÉRICO;MERCEARIA;;;;;TRUE
7896002360234;BISNAGUINHA PULLMAN 300G;GENÉRICO;MERCEARIA;;;;;TRUE
7896002360326;PÃO PULLMAN TRADICIONAL 480G;GENÉRICO;MERCEARIA;;;;;TRUE
7896002363792;RAP10 330GR;GENÉRICO;MERCEARIA;;;;;TRUE
7896002364546;RAP 10 330G;GENÉRICO;MERCEARIA;;;;;TRUE
7896003737325;BOLACHA DE MAIZENA MARILAN 350G;GENÉRICO;BOLOS E BOLACHAS;;;;;TRUE
7896003738520;BOLACHA MARILAN MAIZENA 350G;GENÉRICO;BOLOS E BOLACHAS;;;;;TRUE
7896003738582;BOLACHA MARILAN AO LEITE 350G;GENÉRICO;BOLOS E BOLACHAS;;;;;TRUE
7896003738605;BOLACHA MARILAN CREAM CRACKER 350G;GENÉRICO;BOLOS E BOLACHAS;;;;;TRUE
7896003738636;BOLACHA MARILAN CREAM CRAKER 350G;GENÉRICO;BOLOS E BOLACHAS;;;;;TRUE
7896003740189;BOLACHA MARILAN CREAM CRAKER 300GR;GENÉRICO;BOLOS E BOLACHAS;;;;;TRUE
7896003740202;BOLACHA MARILAN CREAM CRAKER 300G;GENÉRICO;BOLOS E BOLACHAS;;;;;TRUE
7896003740226;BOLACHA MARILAN MAIZENA 300GR;GENÉRICO;BOLOS E BOLACHAS;;;;;TRUE
7896003740240;BOLACHA MARILAN AO LEITE 350GR;GENÉRICO;BOLOS E BOLACHAS;;;;;TRUE
7896004006239;PRINGLES CEBOLA 109G;GENÉRICO;SNACKS;;;;;TRUE
7896004006277;PRINGLES ORIGINAL 104G;GENÉRICO;SNACKS;;;;;TRUE
7896004006284;PRINGLES QUEIJO 109G;GENÉRICO;SNACKS;;;;;TRUE
7896004006406;PRINGLES CHURRASCO 104G;GENÉRICO;SNACKS;;;;;TRUE
7896004007427;SUCRLHOS ORIGINAL 240G;GENÉRICO;MERCEARIA;;;;;TRUE
7896004008998;PRINGLES CHEDDAR E BACON 109G;GENÉRICO;SNACKS;;;;;TRUE
7896004009377;CEREAL SUCRILHOS 170G;GENÉRICO;MERCEARIA;;;;;TRUE
7896004400297;LEITE DE COCO MAIS COCO 200ML;GENÉRICO;MERCEARIA;;;;;TRUE
7896004400358;AGUA DE COCO SOCOCO 200ML;GENÉRICO;AGUAS;;;;;TRUE
7896004400372;LEITE DE COCO SOCOCO 200ML;GENÉRICO;MERCEARIA;;;;;TRUE
7896004400730;COCO RALADO MAIS COCO 100G;GENÉRICO;MERCEARIA;;;;;TRUE
7896004401058;COCO RALADO MAIS COCO 50G;GENÉRICO;MERCEARIA;;;;;TRUE
7896004401409;AGUA DE COCO INTEGRAL SOCOCO 1L;GENÉRICO;AGUAS;;;;;TRUE
7896005279489;FERMENTO EM PÓ DONA BENTA 100G;GENÉRICO;MERCEARIA;;;;;TRUE
7896005404454;SUCO MAGUARY UVA 1LT;GENÉRICO;SUCOS;;;;;TRUE
7896005800010;CAFÉ TRÊS CORAÇÕES TRADICIONAL 500G;GENÉRICO;CAFÉ E CHÁ;;;;;TRUE
7896005800027;CAFÉ 3 CORAÇÕES 250G;GENÉRICO;CAFÉ E CHÁ;;;;;TRUE
7896005800362;CAFÉ 3 CORAÇÕES TRADICIONAL 250G;GENÉRICO;CAFÉ E CHÁ;;;;;TRUE
7896005800676;CAFÉ SOLÚVEL TRÊS CORAÇÕES 200G;GENÉRICO;CAFÉ E CHÁ;;;;;TRUE
7896005800683;CAFÉ SOLUVEL TRÊS CORAÇÕES 50G;GENÉRICO;CAFÉ E CHÁ;;;;;TRUE
7896005801819;CAFÉ TRÊS CORAÇÕES EXTRA FORTE 250G;GENÉRICO;MERCEARIA;;;;;TRUE
7896005803714;FILTRO DE CAFÉ TRÊS CORAÇÕES N102;GENÉRICO;CAFÉ E CHÁ;;;;;TRUE
7896005803721;FILTRO DE PAPEL 3 CORAÇÕES 103 C/ 30UN;GENÉRICO;CAFÉ E CHÁ;;;;;TRUE
7896006711117;ARROZ TIPO 1 CAMIL 1KG;GENÉRICO;MERCEARIA;;;;;TRUE
7896007540600;ABSORVENTE INTIMUS GEL SEM ABAS C/8 UND;GENÉRICO;HIGIENE PESSOAL;;;;;TRUE
7896007540617;ABSORVENTE INTIMUS SUAVE COM ABAS 8 UND;GENÉRICO;HIGIENE PESSOAL;;;;;TRUE
7896007540631;ABSORVENTE INTIMUS COM ABAS 8UN;GENÉRICO;HIGIENE PESSOAL;;;;;TRUE
7896007541867;ABS.INTIMUS INTERNO C/8UN MEDIO;GENÉRICO;HIGIENE PESSOAL;;;;;TRUE
7896007541874;ABSORVENTE OB INTIMUS C/8UND;GENÉRICO;HIGIENE PESSOAL;;;;;TRUE
7896007552412;FRALDA HUGGIES M C/16 UND;GENÉRICO;HIGIENE PESSOAL;;;;;TRUE
7896007552429;FRALDA HUGGIES G C/16 UND;GENÉRICO;HIGIENE PESSOAL;;;;;TRUE
7896007800056;MOLHO SHOYU LIGHT SAKURA 150ML;GENÉRICO;MOLHOS E TEMPEROS;;;;;TRUE
7896007811007;MOLHO SHOYU SAKURA 150ML;GENÉRICO;MOLHOS E TEMPEROS;;;;;TRUE
7896007811021;MOLHO SHOYU AJI-NO 150ML;GENÉRICO;MOLHOS E TEMPEROS;;;;;TRUE
7896007811304;MOLHO DE PIMENTA KENKO 150ML;GENÉRICO;MOLHOS E TEMPEROS;;;;;TRUE
7896007941254;FÓSFORO FIAT LUX C/50 UND;GENÉRICO;DESCARTÁVEIS E UTILIDADES;;;;;TRUE
7896007942534;FÓSFORO FIAT LUX 200UN;GENÉRICO;DESCARTÁVEIS E UTILIDADES;;;;;TRUE
7896007952144;PALITO DE DENTE FIAT LUX C/100 UND;GENÉRICO;DESCARTÁVEIS E UTILIDADES;;;;;TRUE
7896007952151;PALITO DE DENTE FIAT LUX C/200 UND;GENÉRICO;DESCARTÁVEIS E UTILIDADES;;;;;TRUE
7896009301049;SARDINHA COQUEIRO 125G;GENÉRICO;ENLATADOS;;;;;TRUE
7896009718113;PILHA RAYOVAC AA PEQUENA COM 4 UNIDADES;GENÉRICO;GENERICO;;;;;TRUE
7896009724015;PILHA RAYOVAC AAA - 2UND;GENÉRICO;DESCARTÁVEIS E UTILIDADES;;;;;TRUE
7896009728013;PILHA RAYOVAC AA - 2 UND;GENÉRICO;DESCARTÁVEIS E UTILIDADES;;;;;TRUE
7896009761911;PILHA RAYOVAC AAA C/4 UND;GENÉRICO;DESCARTÁVEIS E UTILIDADES;;;;;TRUE
7896015921316;FARINHA DE MANDIOCA PINDUCA 1KG;GENÉRICO;MERCEARIA;;;;;TRUE
7896016601408;LEITE DE COCO DUCOCO 200ML;GENÉRICO;MERCEARIA;;;;;TRUE
7896018704824;LENÇO UMEDECIDO HUGGIES C/32 UND;GENÉRICO;HIGIENE PESSOAL;;;;;TRUE
7896018704848;LENÇO UMEDECIDO HUGGIES C/88UND;GENÉRICO;HIGIENE PESSOAL;;;;;TRUE
7896020900245;MASSA DE PASTEL ROMANHA 200G;GENÉRICO;FRIOS;;;;;TRUE
7896021620050;ESPONJA WISH C/1 UND;GENÉRICO;LIMPEZA;;;;;TRUE
7896021800209;FARINHA DE TRIGO SUDOESTE 1KG;GENÉRICO;MERCEARIA;;;;;TRUE
7896021810017;FARINHA DE TRIGO NORDESTE 1KG;GENÉRICO;MERCEARIA;;;;;TRUE
7896022086787;BOLACHA ISABELA MAIZENA 350G;GENÉRICO;BOLOS E BOLACHAS;;;;;TRUE
7896022086831;BOLACHA AO LEITE ISABELA 350G;GENÉRICO;BOLOS E BOLACHAS;;;;;TRUE
7896022086862;BOLACHA DE AGUA E SAL ISABELA 350G;GENÉRICO;BOLOS E BOLACHAS;;;;;TRUE
7896022200534;MACARRÃO PARAFUSO GALO 500G;GENÉRICO;MERCEARIA;;;;;TRUE
7896022200732;MACARRÃO ESPAGUETE 9 GALO 500G;GENÉRICO;MERCEARIA;;;;;TRUE
7896022200756;MACARRÃO ESPAGUETE 8 GALO 500G;GENÉRICO;MERCEARIA;;;;;TRUE
7896022200879;MACARRÃO GALO 8 500G;GENÉRICO;MERCEARIA;;;;;TRUE
7896022203603;MACARRÃO ESPAGUETE GALO 500G;GENÉRICO;MERCEARIA;;;;;TRUE
7896022204914;MASSA PARA BOLO DE CENOURA RENATA 400G;GENÉRICO;MERCEARIA;;;;;TRUE
7896022205447;MASSA PARA BOLO DE BRIGADEIRO RENATA 400G;GENÉRICO;MERCEARIA;;;;;TRUE
7896022206666;MACARRÃO ESPAGUETE 7 GALO 500G;GENÉRICO;MERCEARIA;;;;;TRUE
7896022670016;VODKA ICE KOVAK 275ML;GENÉRICO;DESTILADOS;;;;;TRUE
7896026800709;PAPEL HIGIÊNICO DUETTO 30M 12UN;GENÉRICO;HIGIENE PESSOAL;;;;;TRUE
7896026801508;PAPEL TOALHA MAXIM C/100 FOLHAS;GENÉRICO;DESCARTÁVEIS E UTILIDADES;;;;;TRUE
7896026844901;PAPEL TOALHA MAXIM 120 FOLHAS;GENÉRICO;DESCARTÁVEIS E UTILIDADES;;;;;TRUE
7896026850148;PAPEL HIGIÊNICO DUETTO 30M 4UN;GENÉRICO;HIGIENE PESSOAL;;;;;TRUE
7896026850155;PAPEL HIGIÊNICO DUETTO C/4 UND;GENÉRICO;HIGIENE PESSOAL;;;;;TRUE
7896027920017;SAL REFINADO APOLO 1KG;GENÉRICO;MERCEARIA;;;;;TRUE
7896028014494;LEITE DE COCO MENINA 200ML;GENÉRICO;MERCEARIA;;;;;TRUE
7896028030661;COCO RALADO MENINA 50G;GENÉRICO;MERCEARIA;;;;;TRUE
7896029014981;SACHE PARA CÃES PEDIGREE CARNE 100G;GENÉRICO;PET;;;;;TRUE
7896029015001;RAÇÃO PEDIGREE CARNE AO MOLHO 100G;GENÉRICO;PET;;;;;TRUE
7896029018958;RAÇÃO PEDIGREE 100GR;GENÉRICO;PET;;;;;TRUE
7896029022245;RAÇÃO PEDIGREE CARNE 100G;GENÉRICO;PET;;;;;TRUE
7896029022276;RAÇÃO PEDIGREE CORDEIRO 100G;GENÉRICO;PET;;;;;TRUE
7896029028414;SNACK PARA GATOS DREAMIES 40G;GENÉRICO;PET;;;;;TRUE
7896029046173;RAÇÃO WHISKAS FRANGO 85G;GENÉRICO;PET;;;;;TRUE
7896029046609;RAÇÃO WHISKAS SABOR CARNE AO MOLHO 85G;GENÉRICO;PET;;;;;TRUE
7896029047101;RAÇÃO WHISKAS CARNE 85G;GENÉRICO;PET;;;;;TRUE
7896029087336;RAÇÃO PEDIGREE 900G;GENÉRICO;PET;;;;;TRUE
7896030800733;PRATO COPOBRAS C/10 UND;GENÉRICO;DESCARTÁVEIS E UTILIDADES;;;;;TRUE
7896032501010;AÇÚCAR REFINADO DA BARRA 1KG;GENÉRICO;MERCEARIA;;;;;TRUE
7896034610017;LEITE PARMALAT INTEGRAL 1L;GENÉRICO;IOGURTE E LATICÍNIOS;;;;;TRUE
7896035210001;SAL REFINADO CISNE 1KG;GENÉRICO;MERCEARIA;;;;;TRUE
7896035210018;SAL GROSSO CISNE 1KG;GENÉRICO;CHURRASCO;;;;;TRUE
7896036000717;EXTRATO DE TOMATE ELEFANTE 300G;GENÉRICO;MERCEARIA;;;;;TRUE
7896036000724;EXTRATO DE TOMATE ELEFANTE 300GR;GENÉRICO;MERCEARIA;;;;;TRUE
7896036090244;OLEO SOJA LIZA 900ML;GENÉRICO;MOLHOS E TEMPEROS;;;;;TRUE
7896036091340;MAIONESE LIZA 250G;GENÉRICO;MOLHOS E TEMPEROS;;;;;TRUE
7896036095669;TOMATE PELADO POMAROLA 400G;GENÉRICO;ENLATADOS;;;;;TRUE
7896036098981;MOLHO DE TOMATE POMODORO 300G;GENÉRICO;MOLHOS E TEMPEROS;;;;;TRUE
7896036099544;MOLHO DE TOMATE TARANTELLA 300G;GENÉRICO;MERCEARIA;;;;;TRUE
7896036099988;MOLHO DE TOMATE POMAROLA 300G;GENÉRICO;MERCEARIA;;;;;TRUE
7896038306053;ARROZ PARBOILIZADO URBANO 1KG;GENÉRICO;MERCEARIA;;;;;TRUE
7896038321056;ARROZ TIPO1 URBANO 1KG;GENÉRICO;MERCEARIA;;;;;TRUE
7896038365050;FEIJÃO CARIOCA URBANO 1KG;GENÉRICO;MERCEARIA;;;;;TRUE
7896038388059;FEIJÃO PRETO URBANO 1KG;GENÉRICO;MERCEARIA;;;;;TRUE
7896045101641;CAFÉ MOGIANA TRÊS CORAÇÕES 250G;GENÉRICO;CAFÉ E CHÁ;;;;;TRUE
7896045101658;CAFÉ TRÊS CORAÇÕES GOURMET CERRADO 250G;GENÉRICO;CAFÉ E CHÁ;;;;;TRUE
7896045101665;CAFÉ TRÊS CORAÇÕES GOURMET SUL DE MINAS 250G;GENÉRICO;CAFÉ E CHÁ;;;;;TRUE
7896045102396;CAFÉ TORRADO E MOÍDO A VÁCUO EXTRAFORTE 3 CORAÇÕES 500G;GENÉRICO;CAFÉ E CHÁ;;;;;TRUE
7896045102433;CAFÉ 3 CORAÇÕES TRADICIONAL 500G;GENÉRICO;CAFÉ E CHÁ;;;;;TRUE
7896045102440;CAFÉ TRÊS CORAÇÕES TRADICIONAL 500GR;GENÉRICO;CAFÉ E CHÁ;;;;;TRUE
7896045102488;CAFÉ IGUAÇU TRADICIONAL 500G;GENÉRICO;CAFÉ E CHÁ;;;;;TRUE
7896045102990;CAFÉ SOLÚVEL PREMIUM IGUAÇU 40G;GENÉRICO;MERCEARIA;;;;;TRUE
7896045103003;CAFÉ SOLUVEL TRÊS CORAÇÕES 40G;GENÉRICO;CAFÉ E CHÁ;;;;;TRUE
7896045505319;CERVEJA  AMSTEL 269ML;GENÉRICO;CERVEJAS;;;;;TRUE
7896045506040;CERVEJA HEINEKEN ZERO ÁLCOOL 330ML;GENÉRICO;CERVEJAS;;;;;TRUE
7896045506064;CERVEJA HEINEKEN ZERO 350ML;GENÉRICO;CERVEJAS;;;;;TRUE
7896045506248;CERVEJA HEINEKEN LATA 473ML;GENÉRICO;CERVEJAS;;;;;TRUE
7896045506415;CERVEJA AMSTEL ULTRA 269ML;GENÉRICO;CERVEJAS;;;;;TRUE
7896045506439;CERVEJA AMSTEL ULTRA 275ML;GENÉRICO;CERVEJAS;;;;;TRUE
7896045506873;CERVEJA HEINEKEN 350ML;GENÉRICO;CERVEJAS;;;;;TRUE
7896045506880;CERVEJA HEINEKEN LATA 350ML;GENÉRICO;CERVEJAS;;;;;TRUE
7896045506910;CERVEJA HEINEKEN ZERO ÁLCOOL 350ML;GENÉRICO;CERVEJAS;;;;;TRUE
7896045506934;CERVEJA AMSTEL 350ML;GENÉRICO;CERVEJAS;;;;;TRUE
7896045512317;CERVEJA KAISER 350ML;GENÉRICO;CERVEJAS;;;;;TRUE
7896046581121;ORÉGANO 8G;GENÉRICO;MOLHOS E TEMPEROS;;;;;TRUE
7896050200124;CACHAÇA VELHO BARREIRO 910ML;GENÉRICO;DESTILADOS;;;;;TRUE
7896050201589;ICE VELHO BARREIRO LIMÃO 275ML;GENÉRICO;DESTILADOS;;;;;TRUE
7896050201763;HYDRO PROTEIN UVA 500ML;GENÉRICO;ENERGÉTICOS E ISOTÔNICOS;;;;;TRUE
7896050201886;HYDRO PROTEIN FRUTAS VERMELHAS 500G;GENÉRICO;ENERGÉTICOS E ISOTÔNICOS;;;;;TRUE
7896050201930;ICE VELHO BARREIRO PINK LEMONADE 275ML;GENÉRICO;DESTILADOS;;;;;TRUE
7896050202166;HYDRO PROTEIN MELANCIA E LIMÃO 500G;GENÉRICO;ENERGÉTICOS E ISOTÔNICOS;;;;;TRUE
7896050202258;ENERGY PRO PINK LEMONADE 310ML;GENÉRICO;ENERGÉTICOS E ISOTÔNICOS;;;;;TRUE
7896050202265;ENERGY PRO TROPICAL 310ML;GENÉRICO;ENERGÉTICOS E ISOTÔNICOS;;;;;TRUE
7896053460013;PAPEL TOALHA SORELLA C/120 FOLHAS;GENÉRICO;DESCARTÁVEIS E UTILIDADES;;;;;TRUE
7896056101234;MOLHO SHOYU ARRIFANA 150ML;GENÉRICO;MOLHOS E TEMPEROS;;;;;TRUE
7896057800174;VINAGRE GALO DE BARCELOS 750ML;GENÉRICO;MERCEARIA;;;;;TRUE
7896058257182;BOLACHA TORTUGUITA CHOCOLATE 86G;GENÉRICO;BOLOS E BOLACHAS;;;;;TRUE
7896058257199;BOLACHA TORTUGUITA MORANGO 86G;GENÉRICO;BOLOS E BOLACHAS;;;;;TRUE
7896058257717;BOLACHA TORTUGUITA 86G;GENÉRICO;BOLOS E BOLACHAS;;;;;TRUE
7896058257724;BISCOITO TORTUGUITA CHOCOLATE 90G;GENÉRICO;BOLOS E BOLACHAS;;;;;TRUE
7896058500196;BALA DORI BANANA 60G;GENÉRICO;BALAS;;;;;TRUE
7896058500202;BALA DORI GELATINA 60G;GENÉRICO;BALAS;;;;;TRUE
7896058500738;AMENDOIM JAPONÊS DORI 70G;GENÉRICO;SNACKS;;;;;TRUE
7896058501100;AMENDOIM JAPONÊS DORI 100G;GENÉRICO;SNACKS;;;;;TRUE
7896058595291;DORI REGALIZ TUBO RECHEADO 70G;GENÉRICO;BISCOITOS, PÃES E DOCES;;;;;TRUE
7896058598674;AMENDOIM JAPONÊS DORI 90G;GENÉRICO;SNACKS;;;;;TRUE
7896058599053;AMENDOIM PETTIZ JAPONÊS SPECIAL 50G;GENÉRICO;SNACKS;;;;;TRUE
7896058599060;AMENDOIM PETTIZ SALGADO 50G;GENÉRICO;SNACKS;;;;;TRUE
7896058599473;GRANULADO DORI 120G;GENÉRICO;MERCEARIA;;;;;TRUE
7896058599930;GRANULADO DORI 120GR;GENÉRICO;MERCEARIA;;;;;TRUE
7896059800806;QUEIJO RALADO KUNZLER 40G;GENÉRICO;IOGURTE E LATICÍNIOS;;;;;TRUE
7896060502614;QUEIJO MUSSARELA SANTA HELENA 150G;GENÉRICO;FRIOS;;;;;TRUE
7896060506155;CHOCOLEITE 260ML;GENÉRICO;IOGURTE E LATICÍNIOS;;;;;TRUE
7896060506483;CHOCOLEITE 208ML;GENÉRICO;IOGURTE E LATICÍNIOS;;;;;TRUE
7896060506513;CHOCO LEITE 200ML;GENÉRICO;IOGURTE E LATICÍNIOS;;;;;TRUE
7896061915109;PAPEL HIGIENICO SUBLIME 30M FOLHA SIMPLES;GENÉRICO;HIGIENE PESSOAL;;;;;TRUE
7896061916106;PAPEL HIGIÊNICO SOFTYS C/4 UND;GENÉRICO;HIGIENE PESSOAL;;;;;TRUE
7896061990502;LENÇO UMEDECIDO BABYSEC C/42 UND;GENÉRICO;HIGIENE PESSOAL;;;;;TRUE
7896061995910;FRALDA BABYSEC C/32 UND;GENÉRICO;HIGIENE PESSOAL;;;;;TRUE
7896061997600;PAPEL TOALHA COQUETEL C/1 UND;GENÉRICO;DESCARTÁVEIS E UTILIDADES;;;;;TRUE
7896064455169;FRALDA HUPPY TAMANHO M;GENÉRICO;HIGIENE PESSOAL;;;;;TRUE
7896064455176;FRALDA HUPPY TAMANHO G;GENÉRICO;HIGIENE PESSOAL;;;;;TRUE
7896064455183;FRALDA HUPPY XG C/16 UND;GENÉRICO;HIGIENE PESSOAL;;;;;TRUE
7896064490856;LENÇO UMEDECIDO NATURAL BABY C/100 UND;GENÉRICO;HIGIENE PESSOAL;;;;;TRUE
7896064490887;LENÇO UMEDECIDO HUPPY C/100 UND;GENÉRICO;HIGIENE PESSOAL;;;;;TRUE
7896066301778;PÃO DE FORMA WICK BOLD INTEGRAL 450GR;GENÉRICO;MERCEARIA;;;;;TRUE
7896066303185;MASSA TORTILHA WICKBOLD 270G;GENÉRICO;MERCEARIA;;;;;TRUE
7896066761879;MORANGUETE 9G;GENÉRICO;DOCES;;;;;TRUE
7896067200162;PILHA PANASONIC AA2;GENÉRICO;DESCARTÁVEIS E UTILIDADES;;;;;TRUE
7896072646856;GRANULADO MALAVÉRIO 150G;GENÉRICO;DOCES;;;;;TRUE
7896072697049;GRANULADO MALAVÉRIO 120G;GENÉRICO;DOCES;;;;;TRUE
7896072902921;VINHO DOM BOSCO SUAVE TINTO 750ML;GENÉRICO;VINHOS;;;;;TRUE
7896074605318;LASANHA FORNO DE MINAS 4 QUEIJOS 600G;GENÉRICO;CONGELADOS;;;;;TRUE
7896074606940;PÃO DE QUEIJO SÃO GERALDO 800G;GENÉRICO;CONGELADOS;;;;;TRUE
7896081805282;FILTRO DE CAFÉ IGUAÇU N102;GENÉRICO;CAFÉ E CHÁ;;;;;TRUE
7896081805299;FILTRO DE CAFÉ IGUAÇU 103 C/30 UND;GENÉRICO;CAFÉ E CHÁ;;;;;TRUE
7896082820420;SACO DE LIXO DOVER ROLL 50L C/30 UND;GENÉRICO;DESCARTÁVEIS E UTILIDADES;;;;;TRUE
7896082820437;SACO DE LIXO DOVER ROLL 100L C/15 UND;GENÉRICO;LIMPEZA;;;;;TRUE
7896083800018;ÁGUA SANITÁRIA QBOA 1L;GENÉRICO;LIMPEZA;;;;;TRUE
7896089010916;CAFÉ CABOCLO TRADICIONAL 500G;GENÉRICO;CAFÉ E CHÁ;;;;;TRUE
7896089011470;CAFÉ CABOCLO 500G;GENÉRICO;MERCEARIA;;;;;TRUE
7896089012460;CAFÉ CABOCLO TRADICIONAL 250G;GENÉRICO;MERCEARIA;;;;;TRUE
7896089012637;CAFÉ PILÃO TRADICIONAL 250G;GENÉRICO;MERCEARIA;;;;;TRUE
7896089016215;CAFÉ CABOCLO EXTRAFORTE 500G;GENÉRICO;CAFÉ E CHÁ;;;;;TRUE
7896090100101;LÃ DE AÇO ASSOLAN C/8 UND;GENÉRICO;LIMPEZA;;;;;TRUE
7896090100118;LÃ DE AÇO ASSOLAN 45G;GENÉRICO;LIMPEZA;;;;;TRUE
7896090105007;ESPONJA ASSOLAN PERTUTO;GENÉRICO;LIMPEZA;;;;;TRUE
7896090700301;ACETONA COM HIDRATANTE ZULU 90ML;GENÉRICO;HIGIENE PESSOAL;;;;;TRUE
7896090700455;REMOVEDOR ESMALTE ZULU 90 ML;GENÉRICO;HIGIENE PESSOAL;;;;;TRUE
7896090709441;ÁLCOOL DA ILHA 1L;GENÉRICO;LIMPEZA;;;;;TRUE
7896096007688;CHANTILLY AMELIA 1L;GENÉRICO;MERCEARIA;;;;;TRUE
7896096013542;CHANTILLY AMÉLIA 200ML;GENÉRICO;MERCEARIA;;;;;TRUE
7896098900208;DETERGENTE YPÊ NEUTRO 500ML;GENÉRICO;LIMPEZA;;;;;TRUE
7896098900215;DETERGENTE YPE MAÇÃ 500ML;GENÉRICO;LIMPEZA;;;;;TRUE
7896098900253;DETERGENTE YPÊ CLEAR 500ML;GENÉRICO;LIMPEZA;;;;;TRUE
7896098900604;DESINFETANTE YPÊ TRADICIONAL 500ML;GENÉRICO;LIMPEZA;;;;;TRUE
7896098900628;DESINFETANTE YPÊ PINHO LAVANDA 500ML;GENÉRICO;PRODUTOS DE LIMPEZA;;;;;TRUE
7896098900871;DESINFETANTE CONCENTRADO YPÊ ALQUÍMIA 500G;GENÉRICO;LIMPEZA;;;;;TRUE
7896098902233;SABONETE FLOR DE YPÊ 85G;GENÉRICO;LIMPEZA;;;;;TRUE
7896098902240;SABONETE FLOR DE YPE DAMASCO 85G;GENÉRICO;HIGIENE PESSOAL;;;;;TRUE
7896098902264;SABONETE FLOR DE YPE ROSAS 85G;GENÉRICO;HIGIENE PESSOAL;;;;;TRUE
7896098903049;AMACIANTE CONCENTRADO YPÊ DELICADO 500ML;GENÉRICO;LIMPEZA;;;;;TRUE
7896098903308;DESINFETANTE YPÊ TRADICIONAL 1L;GENÉRICO;LIMPEZA;;;;;TRUE
7896098903612;DESINFETANTE YPE BAK FLORAL 500ML;GENÉRICO;LIMPEZA;;;;;TRUE
7896098903629;DESINFETANTE YPÊ BAK LAVANDA 500ML;GENÉRICO;LIMPEZA;;;;;TRUE
7896098904671;AGUA SANITARIA YPE 1L;GENÉRICO;LIMPEZA;;;;;TRUE
7896098904770;ESPONJA YPE C/1 UND;GENÉRICO;LIMPEZA;;;;;TRUE
7896098909720;SABÃO EM PÓ TIXAN YPÊ PRIMAVERA 400G;GENÉRICO;LIMPEZA;;;;;TRUE
7896098909744;LAVA-ROUPAS PÓ TIXAN YPÊ 800G;GENÉRICO;LIMPEZA;;;;;TRUE
7896098909805;SABÃO EM PÓ TIXAN YPÊ 800G;GENÉRICO;LIMPEZA;;;;;TRUE
7896098909898;SABÃO TIXAN YPÊ 800G;GENÉRICO;LIMPEZA;;;;;TRUE
7896100902053;FÓSFORO QUELUZ C/50 UND;GENÉRICO;DESCARTÁVEIS E UTILIDADES;;;;;TRUE
7896102500493;ERVILHA QUERO 170G;GENÉRICO;MERCEARIA;;;;;TRUE
7896102500608;MILHO VERDE QUERO 170G;GENÉRICO;ENLATADOS;;;;;TRUE
7896102500837;ERVILHA QUERO SACHÊ 280G;GENÉRICO;MERCEARIA;;;;;TRUE
7896102501872;MOLHO DE TOMATE TRADICIONAL QUERO 300G;GENÉRICO;MOLHOS E TEMPEROS;;;;;TRUE
7896102501896;MOLHO DE TOMATE HEINZ 300G;GENÉRICO;MERCEARIA;;;;;TRUE
7896102502145;MOLHO DE TOMATE TRADICIONAL HEMMER 300G;GENÉRICO;MERCEARIA;;;;;TRUE
7896102502336;MOLHO DE TOMATE HEMMER MANJERICÃO 300G;GENÉRICO;MOLHOS E TEMPEROS;;;;;TRUE
7896102503661;MOLHO DE TOMATE QUERO 300G;GENÉRICO;MERCEARIA;;;;;TRUE
7896102503739;MOLHO DE TOMATE QUERO 300GR;GENÉRICO;MOLHOS E TEMPEROS;;;;;TRUE
7896102503814;MOLHO DE TOMATE HEINZ 240G;GENÉRICO;MOLHOS E TEMPEROS;;;;;TRUE
7896104993552;COTONETE MILI C/75 UND;GENÉRICO;HIGIENE PESSOAL;;;;;TRUE
7896104993583;PAPEL TOALHA RESIDENCE C/120 FOLHAS;GENÉRICO;DESCARTÁVEIS E UTILIDADES;;;;;TRUE
7896104993668;LENÇO UMEDECIDO MILI C/100 UND;GENÉRICO;HIGIENE PESSOAL;;;;;TRUE
7896104993941;ABSORVENTE MILI C/8 UND;GENÉRICO;HIGIENE PESSOAL;;;;;TRUE
7896104994221;FRALDA MILI TAMANHO M C/48 UND;GENÉRICO;HIGIENE PESSOAL;;;;;TRUE
7896104994252;FRALDA MILI TAMANHO G C/28 UND;GENÉRICO;HIGIENE PESSOAL;;;;;TRUE
7896104994269;FRALDA MILI M C/32 UND;GENÉRICO;HIGIENE PESSOAL;;;;;TRUE
7896104995280;PAPEL HIGIÊNICO MILI C/4 UND;GENÉRICO;HIGIENE PESSOAL;;;;;TRUE
7896104999905;GUARDANAPO MILI C/50 UND;GENÉRICO;DESCARTÁVEIS E UTILIDADES;;;;;TRUE
7896110011639;FRALDA PERSONAL VIP G C/34 UND;GENÉRICO;HIGIENE PESSOAL;;;;;TRUE
7896110012506;PAPEL HIGIÊNICO PERSONAL VIP C/6 UND;GENÉRICO;HIGIENE PESSOAL;;;;;TRUE
7896110100043;SAL REFINADO LEBRE 1KG;GENÉRICO;MOLHOS E TEMPEROS;;;;;TRUE
7896110100319;SAL PIRÂMIDE 1KG;GENÉRICO;MOLHOS E TEMPEROS;;;;;TRUE
7896110100814;SAL GROSSO LEBRE 1KG;GENÉRICO;CHURRASCO;;;;;TRUE
7896114101916;QUEIJO RALADO IPANEMA 40G;GENÉRICO;IOGURTE E LATICÍNIOS;;;;;TRUE
7896114901738;SARDINHA PESCADOR 125G;GENÉRICO;MERCEARIA;;;;;TRUE
7896114990190;ATUM RALADO PESCADOR 140G;GENÉRICO;ENLATADOS;;;;;TRUE
7896116900685;FARINHA DE MANDIOCA KICALDO 1KG;GENÉRICO;MERCEARIA;;;;;TRUE
7896126300086;GUARDANAPO BELLEVUE 20X22,5 C/50 UND;GENÉRICO;DESCARTÁVEIS E UTILIDADES;;;;;TRUE
7896180783856;DOCE DE LEITE ÁUREA 350G;GENÉRICO;IOGURTE E LATICÍNIOS;;;;;TRUE
7896181708612;PAÇOCA DA COLÔNIA 14GR;GENÉRICO;DOCES;;;;;TRUE
7896181711971;PAÇOCA DA COLÔNIA 14G;GENÉRICO;DOCES;;;;;TRUE
7896202830155;TEMPERO OLIVEIRA 300G;GENÉRICO;MOLHOS E TEMPEROS;;;;;TRUE
7896202891484;DOCE DE LEITE OLIVEIRA 360G;GENÉRICO;DOCES;;;;;TRUE
7896213306076;REMOVEDOR ESMALTE BEIRA ALTA 90ML;GENÉRICO;HIGIENE PESSOAL;;;;;TRUE
7896213306755;REMOVEDOR DE ESMALTE BEIRA ALTA 90ML;GENÉRICO;DESCARTÁVEIS E UTILIDADES;;;;;TRUE
7896216100107;MASSA PARA LASANHA MEZZANI 500G;GENÉRICO;FRIOS;;;;;TRUE
7896216100909;PÃO DE ALHO MEZZANI 310G;GENÉRICO;CHURRASCO;;;;;TRUE
7896221400506;SNACK TIME CHURRASCO 50G;GENÉRICO;SNACKS;;;;;TRUE
7896222716279;PRESERVATIVO OLLA C/3 UND;GENÉRICO;HIGIENE PESSOAL;;;;;TRUE
7896222720030;PRESERVATIVO JONTEX C/3 UND;GENÉRICO;HIGIENE PESSOAL;;;;;TRUE
7896222721068;PRESERVATIVO JONTEX SENSITIVE C/8 UND;GENÉRICO;DESCARTÁVEIS E UTILIDADES;;;;;TRUE
7896222721075;PRESERVATIVO JONTEX C/8 UND;GENÉRICO;DESCARTÁVEIS E UTILIDADES;;;;;TRUE
7896223709423;ÓLEO DE SOJA VILA VELHA 900ML;GENÉRICO;MERCEARIA;;;;;TRUE
7896227620014;COTONETE COTTONBABY C/75 UND;GENÉRICO;HIGIENE PESSOAL;;;;;TRUE
7896227620151;ALGODAO COTTONBABY C/1 UND;GENÉRICO;DESCARTÁVEIS E UTILIDADES;;;;;TRUE
7896227650158;ABSORVENTE COTTONBABY C/8 UND;GENÉRICO;HIGIENE PESSOAL;;;;;TRUE
7896233701370;PAPEL HIGIÊNICO DOBLE C/4 UND;GENÉRICO;HIGIENE PESSOAL;;;;;TRUE
7896256042696;BARRA DE ARROZ NATURAL LIFE SABOR CHOCOLATE 11G;GENÉRICO;BARRA DE CEREAIS E PROTEÍNA;;;;;TRUE
7896256042832;BISCOITO DE POLVILHO S/ GLUTEN NATURAL LIFE 90G;GENÉRICO;BOLOS E BOLACHAS;;;;;TRUE
7896256065480;SNACK INTEGRAL NATURAL LIFE CEBOLA E SALSA  70G;GENÉRICO;SNACKS;;;;;TRUE
7896256065497;SNACK INTEGRAL NATURAL LIFE SABOR MEL E MOSTARDA  70G;GENÉRICO;SNACKS;;;;;TRUE
7896256065817;BISCOITO DE ARROZ INTEGRAL LIFE 80G;GENÉRICO;BOLOS E BOLACHAS;;;;;TRUE
7896256066074;SNACK INTEGRAL NATURAL LIFE SABOR CHURRASCO 70G;GENÉRICO;SNACKS;;;;;TRUE
7896256066388;BISCOITO DE MILHO INTEGRAL LIFE 80G;GENÉRICO;BOLOS E BOLACHAS;;;;;TRUE
7896256600223;LEITE INTEGRAL TIROL 1L;GENÉRICO;IOGURTE E LATICÍNIOS;;;;;TRUE
7896256600278;DOCE DE LEITE TIROL 350G;GENÉRICO;DOCES;;;;;TRUE
7896256600544;QUEIJO MUSSARELA TIROL 150G;GENÉRICO;FRIOS;;;;;TRUE
7896256600780;CREME DE LEITE TIROL 200G;GENÉRICO;IOGURTE E LATICÍNIOS;;;;;TRUE
7896256601275;MANTEIGA TIROL C/SAL 200G;GENÉRICO;FRIOS;;;;;TRUE
7896256601824;LEITE TIROL ZERO LACTOSE 1LT;GENÉRICO;IOGURTE E LATICÍNIOS;;;;;TRUE
7896256601848;LEITE INTEGRAL TIROL 1LT;GENÉRICO;IOGURTE E LATICÍNIOS;;;;;TRUE
7896256604962;LEITE CONDENSADO TIROL 395G;GENÉRICO;IOGURTE E LATICÍNIOS;;;;;TRUE
7896258400210;MASSA PARA PASTEL LA NONNA 400G;GENÉRICO;FRIOS;;;;;TRUE
7896262304351;BALA MENTOS FRUTAS 37,5G;GENÉRICO;BALAS;;;;;TRUE
7896262304467;BALA MENTOS FRUIT 38G;GENÉRICO;BALAS;;;;;TRUE
7896267701650;VINHO SAN MARTIN SUAVE TINTO 750ML;GENÉRICO;VINHOS;;;;;TRUE
7896270136395;BANDEJA DE OVO VERMELHO C/30 UNDS;GENÉRICO;MERCEARIA;;;;;TRUE
7896272004180;AZEITONA VALE FERTIL 150GR;GENÉRICO;MERCEARIA;;;;;TRUE
7896272004203;AZEITONA VALE FÉRTIL S/ CAROÇO 120G;GENÉRICO;MERCEARIA;;;;;TRUE
7896273800033;AREIA PARA GATOS PIPICAT 4KG;GENÉRICO;PET;;;;;TRUE
7896275970857;DOCE LEITE FRIMESA 400G;GENÉRICO;DOCES;;;;;TRUE
7896279200240;ESPETO PARA CHURRASCO GABOARDI;GENÉRICO;CHURRASCO;;;;;TRUE
7896279200530;ESPETO PARA CHURRASCO GABOARDI 1UND;GENÉRICO;CHURRASCO;;;;;TRUE
7896279600538;ÓLEO DE SOJA COAMO 900ML;GENÉRICO;MERCEARIA;;;;;TRUE
7896283000898;COOKIES INTEGRAL JASMINE CHOCOLATE 120G;GENÉRICO;BOLOS E BOLACHAS;;;;;TRUE
7896283001581;ROSQUINHA DE COCO INTEGRAL JASMINE 120G;GENÉRICO;DOCES;;;;;TRUE
7896283001710;COOKIES JASMINE ZERO AÇÚCAR 120G;GENÉRICO;DOCES;;;;;TRUE
7896292001442;ADOÇANTE MAGRO 100ML;GENÉRICO;MERCEARIA;;;;;TRUE
7896292333000;MOLHO PREDILECTA TRADICIONAL 300G;GENÉRICO;MOLHOS E TEMPEROS;;;;;TRUE
7896292341197;MILHO VERDE TRADELLI 170G;GENÉRICO;ENLATADOS;;;;;TRUE
7896292341203;ERVILHA TRADELLI 170G;GENÉRICO;ENLATADOS;;;;;TRUE
7896294900712;REQUEIJÃO TIROL 180G;GENÉRICO;IOGURTE E LATICÍNIOS;;;;;TRUE
7896294901597;REQUEIJÃO COM CHEDDAR TIROL 180G;GENÉRICO;FRIOS;;;;;TRUE
7896294901993;LEITE TIROL ZERO LACTOSE 1L;GENÉRICO;IOGURTE E LATICÍNIOS;;;;;TRUE
7896295001937;CAFÉ ODEBRECHT 500G;GENÉRICO;CAFÉ E CHÁ;;;;;TRUE
7896295330235;STEAK DE FRANGO CVALE 100G;GENÉRICO;CONGELADOS;;;;;TRUE
7896295381251;FILÉ DE FRANGO SASSAMI CVALE 1KG;GENÉRICO;CONGELADOS;;;;;TRUE
7896295382616;LINGUIÇA DE FRANGO CVALE 800G;GENÉRICO;CHURRASCO;;;;;TRUE
7896295384375;TILÁPIA EM POSTAS CVALE 800G;GENÉRICO;CONGELADOS;;;;;TRUE
7896295388496;FILÉ SASSAMI CVALE 1KG;GENÉRICO;CONGELADOS;;;;;TRUE
7896297910688;VINAGRE CHEMIM 900ML;GENÉRICO;MOLHOS E TEMPEROS;;;;;TRUE
7896300500868;PAPEL ALUMINIO ALFALUMINIO 30 CM;GENÉRICO;DESCARTÁVEIS E UTILIDADES;;;;;TRUE
7896306612817;TRENTO AO LEITE 32G;GENÉRICO;DOCES;;;;;TRUE
7896306616389;TRENTO BRANCO 32G;GENÉRICO;DOCES;;;;;TRUE
7896306625022;TRENTO MASSIMO BRANCO 25G;GENÉRICO;DOCES;;;;;TRUE
7896306625060;TRENTO MASSIMO 25G;GENÉRICO;DOCES;;;;;TRUE
7896306625190;TRENTO AVELÃ 29G;GENÉRICO;DOCES;;;;;TRUE
7896306625237;TRENTO SPECIALE 29G;GENÉRICO;DOCES;;;;;TRUE
7896306625251;TRENTO DARK BRANCO 32G;GENÉRICO;DOCES;;;;;TRUE
7896306625299;TRENTO DUO 29G;GENÉRICO;DOCES;;;;;TRUE
7896306625312;TRENTO MILK 29G;GENÉRICO;DOCES;;;;;TRUE
7896315400085;FARINHA DE TRIGO JACY 1KG;GENÉRICO;MERCEARIA;;;;;TRUE
7896327511984;MASSA PARA BOLO DE CHOCOLATE APTI 400G;GENÉRICO;BOLOS E BOLACHAS;;;;;TRUE
7896327512233;FERMENTO PARA BOLO APTI 10G;GENÉRICO;MERCEARIA;;;;;TRUE
7896327512967;FERMENTO EM PÓ APTI 200G;GENÉRICO;MERCEARIA;;;;;TRUE
7896328200016;ERVA PARA CHIMARRÃO BARÃO 500G;GENÉRICO;CAFÉ E CHÁ;;;;;TRUE
7896328200122;ERVA PARA CHIMARRÃO BARÃO 1KG;GENÉRICO;CAFÉ E CHÁ;;;;;TRUE
7896328200412;ERVA MATE PARA CHIMARRÃO BARÃO 1KG;GENÉRICO;CAFÉ E CHÁ;;;;;TRUE
7896328280025;ERVA PARA CHIMARRÃO CAMBONA 1KG;GENÉRICO;CAFÉ E CHÁ;;;;;TRUE
7896336000530;AMENDOIM JAPONÊS MENDORATO 70G;GENÉRICO;SNACKS;;;;;TRUE
7896336002725;PAÇOQUITA ZERO AÇÚCAR 18G;GENÉRICO;DOCES;;;;;TRUE
7896336005917;PAÇOQUITA SANTA HELENA 20G;GENÉRICO;DOCES;;;7896336006624;;TRUE
7896336016081;AMENDOIM SALGADO MENDORATO 150G;GENÉRICO;SNACKS;;;;;TRUE
7896344610608;BANDEJA DE OVOS C/18 UNDS;GENÉRICO;MERCEARIA;;;;;TRUE
7896344610615;BANDEJA DE OVOS C/18 UNDS;GENÉRICO;MERCEARIA;;;;;TRUE
7896346803626;BATATA PALHA MACTOST 70G;GENÉRICO;MERCEARIA;;;;;TRUE
7896348205596;FARINHA DE MANDIOCA JUREIA 1KG;GENÉRICO;MERCEARIA;;;;;TRUE
7896348206685;FARINHA DE MILHO FLOCADA JURÉIA 500G;GENÉRICO;MERCEARIA;;;;;TRUE
7896348300895;CAFÉ SOLÚVEL TRADICIONAL MELITTA 40G;GENÉRICO;MERCEARIA;;;;;TRUE
7896348300994;FILTRO DE CAFÉ BOM JESUS N103 C/30 UND;GENÉRICO;CAFÉ E CHÁ;;;;;TRUE
7896348301007;CAFÉ SOLÚVEL BOM JESUS 40G;GENÉRICO;CAFÉ E CHÁ;;;;;TRUE
7896348301809;CAFÉ MELITTA GOURMET TORRA DA RAINA 250G;GENÉRICO;CAFÉ E CHÁ;;;;;TRUE
7896353302297;MANTEIGA CATUPIRY 200G;GENÉRICO;FRIOS;;;;;TRUE
7896353302303;MANTEIGA CATUPIRY 200GR;GENÉRICO;FRIOS;;;;;TRUE
7896371000007;CERVEJA THEREZÓPOLIS GOLD 350ML;GENÉRICO;CERVEJAS;;;;;TRUE
7896371000175;CERVEJA THEREZÓPOLIS 355ML;GENÉRICO;CERVEJAS;;;;;TRUE
7896380200306;FEIJÃO PRETO VILA NOVA 1KG;GENÉRICO;MERCEARIA;;;;;TRUE
7896383300096;VINAGRE HEINIG 900ML;GENÉRICO;MERCEARIA;;;;;TRUE
7896384500075;ESPETO PARA CHURRASCO GABOARDI C/100 UND;GENÉRICO;CHURRASCO;;;;;TRUE
7896384510104;ESPETO PARA CHURRASCO GABOARDI C/80 UND;GENÉRICO;CHURRASCO;;;;;TRUE
7896385800518;ÁGUA FLORESTA 5L;GENÉRICO;AGUAS;;;;;TRUE
7896385802246;ÁGUA COM GÁS DA MATA 500ML;GENÉRICO;AGUAS;;;;;TRUE
7896391700529;MASSA PARA PASTEL ESSASIM 400G;GENÉRICO;FRIOS;;;;;TRUE
7896391700666;MASSA PARA LASANHA DA BOA 500G;GENÉRICO;MERCEARIA;;;;;TRUE
7896403502312;SAL GROSSO MARFIM 1 KG;GENÉRICO;CHURRASCO;;;;;TRUE
7896404600587;DETERGENTE GIRANDO SOL 500ML;GENÉRICO;LIMPEZA;;;;;TRUE
7896404600655;DETERGENTE GIRANDO SOL NEUTRO 500ML;GENÉRICO;LIMPEZA;;;;;TRUE
7896404601249;DESINFETANTE GIRANDO SOL 500ML;GENÉRICO;LIMPEZA;;;;;TRUE
7896404605483;ÁGUA SANITÁRIA GIRANDO SOL 1L;GENÉRICO;LIMPEZA;;;;;TRUE
7896404607678;SABÃO EM PÓ GIRANDO SOL 800GR;GENÉRICO;LIMPEZA;;;;;TRUE
7896404607876;SAPÓLIO GIRANDO SOL 300ML;GENÉRICO;LIMPEZA;;;;;TRUE
7896408440301;BOLACHA DE AGUA E SAL CASAREDO 350G;GENÉRICO;BOLOS E BOLACHAS;;;;;TRUE
7896412819520;FARINHA DE TRIGO ORQUÍDEA 1KG;GENÉRICO;MERCEARIA;;;;;TRUE
7896412852107;BOLACHA ORQUÍDEA ÁGUA E SAL 350G;GENÉRICO;BOLOS E BOLACHAS;;;;;TRUE
7896419701637;FRANGO A PASSARINHO LAR 700G;GENÉRICO;CONGELADOS;;;;;TRUE
7896419713852;STEAK DE FRANGO LAR 100G;GENÉRICO;CONGELADOS;;;;;TRUE
7896419714231;FILÉ DE FRANGO SASSAMI LAR 1KG;GENÉRICO;CONGELADOS;;;;;TRUE
7896419722656;LINGUIÇA DE FRANGO LAR 1KG;GENÉRICO;CHURRASCO;;;;;TRUE
7896419722663;LINGUIÇA TOSCANA DE FRANGO LAR 1KG;GENÉRICO;CONGELADOS;;;;;TRUE
7896419727798;FILÉ SASSAMI LAR 700G;GENÉRICO;CONGELADOS;;;;;TRUE
7896419727804;FILÉ DE PEITO LAR 700G;GENÉRICO;CONGELADOS;;;;;TRUE
7896419727835;FRANGO A PASSARINHO LAR 700G;GENÉRICO;CONGELADOS;;;;;TRUE
7896423405491;TWIX TRIPLO CHOCOLATE 40G;GENÉRICO;DOCES;;;;;TRUE
7896423420180;SNICKERS ORIGINAL 45G;GENÉRICO;DOCES;;;;;TRUE
7896423438635;SNICKERS DUPLO CHOCOLATE 42G;GENÉRICO;DOCES;;;;;TRUE
7896423438727;CONFETE MM 40G;GENÉRICO;DOCES;;;;;TRUE
7896423438901;CHOCOLATE MM BROWNIE 35G;GENÉRICO;DOCES;;;;;TRUE
7896423438994;SNICKERS ORIGINAL 40G;GENÉRICO;DOCES;;;;;TRUE
7896423439014;SNICKERS DARK 40G;GENÉRICO;DOCES;;;;;TRUE
7896423470697;CONFETE M&M 45G;GENÉRICO;DOCES;;;;;TRUE
7896423470703;CHOCOLATE M´M 45G;GENÉRICO;DOCES;;;;;TRUE
7896423470994;TWIX 40G;GENÉRICO;DOCES;;;;;TRUE
7896423480894;SKITTLES ORIGINAL 38G;GENÉRICO;DOCES;;;;;TRUE
7896423481853;SNICKERS DARK 42G;GENÉRICO;DOCES;;;;;TRUE
7896423488883;SNICKERS BRANCO 42G;GENÉRICO;DOCES;;;;;TRUE
7896423497984;SNICKERS PÉ DE MOLEQUE 45G;GENÉRICO;DOCES;;;;;TRUE
7896430500059;SAL MARFIM 1KG;GENÉRICO;MOLHOS E TEMPEROS;;;;;TRUE
7896430502312;SAL GROSSO MARFIM 1KG;GENÉRICO;CHURRASCO;;;;;TRUE
7896434921478;CREME DE AVELÃ TRIÂNGULO 170G;GENÉRICO;DOCES;;;;;TRUE
7896436100383;REFRIGERANTE FRUKI 2L;GENÉRICO;REFRIGERANTES;;;;;TRUE
7896436100581;ÁGUA ÁGUA DA PEDRA S/GÁS 5L;GENÉRICO;AGUAS;;;;;TRUE
7896436100604;AGUA DA PEDRA C/GÁS 2L;GENÉRICO;AGUAS;;;;;TRUE
7896436100628;ÁGUA DA PEDRA S/GÁS 1,5L;GENÉRICO;AGUAS;;;;;TRUE
7896436100642;ÁGUA DA PEDRA COM GÁS 500ML;GENÉRICO;AGUAS;;;;;TRUE
7896436100666;AGUA DA PEDRA S/GÁS 500ML;GENÉRICO;AGUAS;;;;;TRUE
7896436103414;AGUA FLUA COM GÁS 500ML;GENÉRICO;AGUAS;;;;;TRUE
7896436103438;ÁGUA SEM GÁS FLUA 500ML;GENÉRICO;AGUAS;;;;;TRUE
7896448700070;ÁGUA SEM GÁS FONTE DA ILHA 500ML;GENÉRICO;AGUAS;;;;;TRUE
7896451903211;CHICLETE X-CLE TUTTI FRUTTI 11G;GENÉRICO;DOCES;;;;;TRUE
7896451907813;BALA DOCILE DOCIGOMA 180G;GENÉRICO;BALAS;;;;;TRUE
7896451907820;BALA DOCILE IOGURTE 180G;GENÉRICO;BALAS;;;;;TRUE
7896451907851;BALA DOCILE MIXGOMA CORAÇÃO 190G;GENÉRICO;BALAS;;;;;TRUE
7896451921307;BALA DOCILE MIXGOMA DOCINHO 190G;GENÉRICO;BALAS;;;;;TRUE
7896451922502;BALA XCLE CORAÇÃO 4G;GENÉRICO;BALAS;;;;;TRUE
7896451922526;BALA XCLE TUTTI FRUTTI 4G;GENÉRICO;BALAS;;;;;TRUE
7896468700049;ÁGUA FONTE DA ILHA C/GÁS 2L;GENÉRICO;AGUAS;;;;;TRUE
7896468700056;AGUA FONTE DA ILHA C/GAS 500ML;GENÉRICO;AGUAS;;;;;TRUE
7896468700070;AGUA FONTE DA ILHA S/GAS 500ML;GENÉRICO;AGUAS;;;;;TRUE
7896468700087;ÁGUA FONTE DA ILHA S/GÁS 1,5L;GENÉRICO;AGUAS;;;;;TRUE
7896468700247;AGUA FONTE DA ILHA 5L;GENÉRICO;AGUAS;;;;;TRUE
7896468700568;ÁGUA FONTE DA ILHA COM GÁS 500ML;GENÉRICO;AGUAS;;;;;TRUE
7896490351042;FARINHA DE TRIGO CISNE 1KG;GENÉRICO;MERCEARIA;;;;;TRUE
7896504301018;QUEIJO MUSSARELA SANTA CLARA FAT 150G;GENÉRICO;FRIOS;;;;;TRUE
7896508200034;AÇÚCAR REFINADO ALTO ALEGRE 1KG;GENÉRICO;MERCEARIA;;;;;TRUE
7896547500614;COMBO COROTE SABOR VODKA 1L;GENÉRICO;DESTILADOS;;;;;TRUE
7896547500621;COMBO COROTE SABOR WHISKY 1L;GENÉRICO;DESTILADOS;;;;;TRUE
7896547900018;BICARBONATO DE SÓDIO CAMPILAR 30G;GENÉRICO;MOLHOS E TEMPEROS;;;;;TRUE
7896547900032;ORÉGANO CAMPILAR 10G;GENÉRICO;MOLHOS E TEMPEROS;;;;;TRUE
7896547900117;CANELA EM PÓ CAMPILAR 10G;GENÉRICO;MOLHOS E TEMPEROS;;;;;TRUE
7896547907093;ALECRIM CAMPILAR 5G;GENÉRICO;MOLHOS E TEMPEROS;;;;;TRUE
7896559300776;MASSA TALHARIM DANDOLIM 500G;GENÉRICO;MERCEARIA;;;;;TRUE
7896565700416;SACO DE LIXO FORTA 30L C/10 UND;GENÉRICO;LIMPEZA;;;;;TRUE
7896565700423;SACO DE LIXO FORTA 50L C/10 UND;GENÉRICO;LIMPEZA;;;;;TRUE
7896569400046;CREAM CHEESE LIDER 150G;GENÉRICO;FRIOS;;;;;TRUE
7896569405003;LEITE INTEGRAL LIDER 1L;GENÉRICO;IOGURTE E LATICÍNIOS;;;;;TRUE
7896569405638;REQUEIJÃO LIDER 180G;GENÉRICO;FRIOS;;;;;TRUE
7896569405652;REQUEIJÃO LIGHT LÍDER 180G;GENÉRICO;FRIOS;;;;;TRUE
7896569405676;MANTEIGA LÍDER 200G;GENÉRICO;FRIOS;;;;;TRUE
7896579995112;AZEITONA UNIAGRO C/CAROÇO 200G;GENÉRICO;MERCEARIA;;;;;TRUE
7896594971283;GRANOLA AÇAÍ E GUARANÁ FROOTY POTE 200ML;GENÉRICO;CONGELADOS;;;;;TRUE
7896594974024;AÇAÍ SPLIT COM GRANOLA 200G;GENÉRICO;SORVETES;;;;;TRUE
7896625210763;IOGURTE NATURAL VIGOR 170G;GENÉRICO;IOGURTE E LATICÍNIOS;;;;;TRUE
7896625211081;IOGURTE VIGOR FLOCOS 90G;GENÉRICO;IOGURTE E LATICÍNIOS;;;;;TRUE
7896625211142;IOGURTE GREGO VIGOR 90G;GENÉRICO;IOGURTE E LATICÍNIOS;;;;;TRUE
7896655401711;MASSA DE TAPIOCA DINDA 400G;GENÉRICO;MERCEARIA;;;;;TRUE
7896704101005;GELADINHO AMERICANO UND;GENÉRICO;SORVETES;;;;;TRUE
7896704109636;GELADINHO GELAXUP 55ML;GENÉRICO;SORVETES;;;;;TRUE
7896705500043;TEMPERO PRONTO TEMPEREX 250G;GENÉRICO;MOLHOS E TEMPEROS;;;;;TRUE
7896705500050;TEMPERO PRONTO SEM PIMENTA TEMPEREX 250G;GENÉRICO;MOLHOS E TEMPEROS;;;;;TRUE
7896706300642;MAIZENA NEILAR 200G;GENÉRICO;MERCEARIA;;;;;TRUE
7896716301271;LINGUIÇA CALABRESA PAMPLONA 300G;GENÉRICO;FRIOS;;;;;TRUE
7896716311157;PRESUNTO FATIADO PAMPLONA 180G;GENÉRICO;FRIOS;;;;;TRUE
7896716311195;SALAME PAMPLONA 100G;GENÉRICO;FRIOS;;;;;TRUE
7896790800035;CANELA EM PÓ CPA 10G;GENÉRICO;MOLHOS E TEMPEROS;;;;;TRUE
7896790800141;BICARBONATO DE SÓDIO CPA 50G;GENÉRICO;MOLHOS E TEMPEROS;;;;;TRUE
7896798602273;BARRA DE PROTEINA SUPINO COCO 30G;GENÉRICO;MERCEARIA;;;;;TRUE
7896806400105;AGUA IMPERATRIZ COM GÁS 500ML;GENÉRICO;AGUAS;;;;;TRUE
7896806400112;AGUA IMPERATRIZ SEM GÁS 1,5L;GENÉRICO;AGUAS;;;;;TRUE
7896806400136;AGUA IMPERATRIZ C/GÁS 1,5L;GENÉRICO;AGUAS;;;;;TRUE
7896807416891;BATATA CONGELADA OKFRIES 1,5KG;GENÉRICO;CONGELADOS;;;;;TRUE
7896828000017;ÁGUA DE COCO KERO COCO 200ML;GENÉRICO;AGUAS;;;;;TRUE
7896859300216;FEIJÃO CARIOCA REI DA MESA 1KG;GENÉRICO;MERCEARIA;;;;;TRUE
7896883000144;QUEIJO MUSSARELA QUEIJO&CIA 150G;GENÉRICO;FRIOS;;;;;TRUE
7896883000229;MANTEIGA CASA DO QUEIJO 200GR;GENÉRICO;FRIOS;;;;;TRUE
7896883000236;MANTEIGA CASA DO QUEIJO 200G;GENÉRICO;FRIOS;;;;;TRUE
7896894900013;AÇÚCAR CARAVELAS 1KG;GENÉRICO;MERCEARIA;;;;;TRUE
7896894900068;AÇÚCAR CRISTAL COLOMBO 1KG;GENÉRICO;MERCEARIA;;;;;TRUE
7896894900303;AÇÚCAR COLOMBO 1KG;GENÉRICO;MERCEARIA;;;;;TRUE
7896914000716;PAPEL TOALHA SOCIAL CLEAN C/1 UND;GENÉRICO;DESCARTÁVEIS E UTILIDADES;;;;;TRUE
7896914002970;PAPEL TOALHA KLASS C/2 UND;GENÉRICO;DESCARTÁVEIS E UTILIDADES;;;;;TRUE
7896931611346;VINHO CAMPO LARGO SUAVE TINTO 750ML;GENÉRICO;VINHOS;;;;;TRUE
7896931611353;VINHO CAMPO LARGO TINTO 750ML;GENÉRICO;VINHOS;;;;;TRUE
7896931611360;VINHO CAMPO LARGO BRANCO SUAVE 750ML;GENÉRICO;VINHOS;;;;;TRUE
7896931611377;VINHO CAMPO LARGO BRANCO SECO 750ML;GENÉRICO;VINHOS;;;;;TRUE
7896931614149;SUCO INTEGRAL CAMPO LARGO UVA 1,35L;GENÉRICO;SUCOS;;;;;TRUE
7896931614910;ÁGUA DE COCO INTEGRAL CAMPO LARGO 1L;GENÉRICO;AGUAS;;;;;TRUE
7896959333015;PRESUNTO CASA DO QUEIJO 180G;GENÉRICO;FRIOS;;;;;TRUE
7896959360028;QUEIJO MUSSARELA CASA DO QUEIJO 150G;GENÉRICO;FRIOS;;;;;TRUE
7896982100158;BANDEJA DE OVOS VERMELHOS C/20 UNDDS;GENÉRICO;MERCEARIA;;;;;TRUE
7896982100202;OVOS BRANCO JUMBO C/10 UND;GENÉRICO;MERCEARIA;;;;;TRUE
7896982900215;PÃO DE FORMA MENTUS 300G;GENÉRICO;MERCEARIA;;;;;TRUE
7896999099094;PÃO PARA HAMBURGUER THABRULAI 280G;GENÉRICO;MERCEARIA;;;;;TRUE
7896999099117;BISNAGUINHA THABRULAI 300G;GENÉRICO;MERCEARIA;;;;;TRUE
7897001010014;OLEO DE SOJA COCAMAR 900 ML;GENÉRICO;MERCEARIA;;;;;TRUE
7897013534188;PILHA ELGIN AA C/2 UND;GENÉRICO;DESCARTÁVEIS E UTILIDADES;;;;;TRUE
7897075300011;FARINHA DE MANDIOCA TUPÃ 1KGR;GENÉRICO;MERCEARIA;;;;;TRUE
7897075300042;FARINHA DE MANDIOCA BRANCA 1KG;GENÉRICO;MERCEARIA;;;;;TRUE
7897150500015;ACETONA ENCASA 50ML;GENÉRICO;HIGIENE PESSOAL;;;;;TRUE
7897150500169;ÁGUA OXIGENADA 40 80ML;GENÉRICO;HIGIENE PESSOAL;;;;;TRUE
7897167100024;SAL REFINADO SOSAL 1KG;GENÉRICO;MOLHOS E TEMPEROS;;;;;TRUE
7897167100048;SAL GROSSO SOSAL 1KG;GENÉRICO;CHURRASCO;;;;;TRUE
7897195981374;SUCO INTEGRAL LIFE LARANJA 900ML;GENÉRICO;SUCOS;;;;;TRUE
7897200607817;LASANHA BOLONHESA CANÇÃO 600G;GENÉRICO;CONGELADOS;;;;;TRUE
7897309408483;MASSA PARA BOLO DE CHOCOLATE FLEISCHMANN 330G;GENÉRICO;MERCEARIA;;;;;TRUE
7897349900152;BANDEJA DE OVOS C/30 UND;GENÉRICO;MERCEARIA;;;;;TRUE
7897395020101;CERVEJA ITAIPAVA 350ML;GENÉRICO;CERVEJAS;;;;;TRUE
7897400300075;ERVA PARA CHIMARRÃO MAZUTTI 500G;GENÉRICO;CAFÉ E CHÁ;;;;;TRUE
7897517925741;ESCOVA DE DENTE KESS C/1 UND;GENÉRICO;HIGIENE PESSOAL;;;;;TRUE
7897656600011;FEIJÃO PRETO CALDÃO 1KG;GENÉRICO;MERCEARIA;;;;;TRUE
7897656600721;MILHO PARA PIPOCA CALDÃO 400G;GENÉRICO;MERCEARIA;;;;;TRUE
7897664130036;DETERGENTE MINUANO NEUTRO 500ML;GENÉRICO;LIMPEZA;;;;;TRUE
7897664130043;DETERGENTE MINUANO CLEAR MINUANO 500ML;GENÉRICO;LIMPEZA;;;;;TRUE
7897664140196;DESINFETANTE LAVANDA MINUANO 500ML;GENÉRICO;MERCEARIA;;;;;TRUE
7897672510028;FEIJÃO CARIOCA VÓ TITA 1KG;GENÉRICO;MERCEARIA;;;;;TRUE
7897672520010;FEIJÃO PRETO MÃE VEIA 1KG;GENÉRICO;MERCEARIA;;;;;TRUE
7897736407226;VODKA NINOFF 900ML;GENÉRICO;DESTILADOS;;;;;TRUE
7897750771778;ESPONJA DE LAVAR LOUÇA ALKLIN;GENÉRICO;LIMPEZA;;;;;TRUE
7897763530942;POTE DE SORVETE DAMMI FLOCOS 1,5L;GENÉRICO;SORVETES;;;;;TRUE
7897763530959;POTE DE SORVETE DAMMI NAPOLITANO 1,5L;GENÉRICO;SORVETES;;;;;TRUE
7897798800256;FEIJÃO CARIOCA SITIO CERCADO 1KG;GENÉRICO;MERCEARIA;;;;;TRUE
7897816271020;PRATO DESCARTÁVEL C/10 UND;GENÉRICO;DESCARTÁVEIS E UTILIDADES;;;;;TRUE
7897816271044;PRATO DESCARTÁVEL C/10 UNDS;GENÉRICO;DESCARTÁVEIS E UTILIDADES;;;;;TRUE
7897900313049;BARRA DE PROTEINA TRIO COOKIES 33G;GENÉRICO;BARRA DE CEREAIS E PROTEÍNA;;;;;TRUE
7898007290059;FEIJÃO PRETO MALU 1KG;GENÉRICO;MERCEARIA;;;;;TRUE
7898007290288;FEIJÃO CALDO CARIOCA 1KG;GENÉRICO;MERCEARIA;;;;;TRUE
7898007290295;FEIJÃO CARIOCA CALDO CARIOCA 1KG;GENÉRICO;MERCEARIA;;;;;TRUE
7898018160105;ARROZ CATARINÃO 1KG;GENÉRICO;MERCEARIA;;;;;TRUE
7898019060763;BANDEJA DE OVO VERMELHO GRANDE C/20 UND;GENÉRICO;MERCEARIA;;;;;TRUE
7898021428520;PAPEL ALUMÍNIO ROYAL PACK 4M;GENÉRICO;DESCARTÁVEIS E UTILIDADES;;;;;TRUE
7898021429619;PAPEL ALUMÍNIO ROYAL PACK 3M;GENÉRICO;DESCARTÁVEIS E UTILIDADES;;;;;TRUE
7898024395232;CREME DE AVELÃ NUTELLA 140G;GENÉRICO;DOCES;;;;;TRUE
7898024396529;CREME DE AVELÃ NUTELLA 650G;GENÉRICO;DOCES;;;;;TRUE
7898024397915;NUTELLA B-READY 23G;GENÉRICO;DOCES;;;;;TRUE
7898028400154;RAÇÃO MANDAI PARA GATOS 500G;GENÉRICO;PET;;;;;TRUE
7898028400338;AREIA PARA GATOS NUTRICOL 4KG;GENÉRICO;PET;;;;;TRUE
7898028400857;AREIA P/ GATOS NUTRICOL 4KG;GENÉRICO;PET;;;;;TRUE
7898028400895;RAÇÃO MANDAI 1KG;GENÉRICO;PET;;;;;TRUE
7898031753957;PÃO DE QUEIJO VALE MINEIRO 800G;GENÉRICO;CONGELADOS;;;;;TRUE
7898052970449;GRANULADO NILMAR 90G;GENÉRICO;MERCEARIA;;;;;TRUE
7898052971163;BICARBONATO DE SÓDIO NILMAR 50G;GENÉRICO;MOLHOS E TEMPEROS;;;;;TRUE
7898052971255;OREGANO NILMAR 5G;GENÉRICO;MOLHOS E TEMPEROS;;;;;TRUE
7898056430420;BACON EM CUBOS CALEMBA 150G;GENÉRICO;FRIOS;;;;;TRUE
7898056430840;BACON EM CUBOS CALEMBA 150GR;GENÉRICO;FRIOS;;;;;TRUE
7898064270988;QUEIJO RALADO KIFORMAGGIO 40G;GENÉRICO;IOGURTE E LATICÍNIOS;;;;;TRUE
7898067340404;PÃO DE ALHO SANTA MASSA 400G;GENÉRICO;CHURRASCO;;;;;TRUE
7898068080101;QUEIJO PRATO RIOLAT 150G;GENÉRICO;FRIOS;;;;;TRUE
7898068080361;QUEIJO MUSSARELA RIOLAT 150G;GENÉRICO;FRIOS;;;;;TRUE
7898068080446;MANTEIGA RIOLAT 200G;GENÉRICO;FRIOS;;;;;TRUE
7898075641142;CHAMPIGNON CAMPO BELO 100G;GENÉRICO;MERCEARIA;;;;;TRUE
7898079000303;PRESERVATIVO PRUDENCE MORANGO C/1 UND;GENÉRICO;HIGIENE PESSOAL;;;;;TRUE
7898079002956;PRESERVATIVO PRUDENCE C/8 UNDS;GENÉRICO;HIGIENE PESSOAL;;;;;TRUE
7898079003021;PRESERVATIVO PRUDENCE C/3 UNDS;GENÉRICO;HIGIENE PESSOAL;;;;;TRUE
7898079003144;PRESERVATIVO PRUDENCE C/3 UND;GENÉRICO;HIGIENE PESSOAL;;;;;TRUE
7898079003168;PRESERVATIVO PRUDENCE C/8 UND;GENÉRICO;DESCARTÁVEIS E UTILIDADES;;;;;TRUE
7898080640222;CREME DE LEITE ITALAC 200G;GENÉRICO;IOGURTE E LATICÍNIOS;;;;;TRUE
7898080640413;LEITE CONDENSADO ITALAC 395G;GENÉRICO;IOGURTE E LATICÍNIOS;;;;;TRUE
7898080640611;LEITE ITALAC INTEGRAL 1L;GENÉRICO;IOGURTE E LATICÍNIOS;;;;;TRUE
7898080640932;LEITE ITALAC ZERO LACTOSE 1L;GENÉRICO;IOGURTE E LATICÍNIOS;;;;;TRUE
7898080641694;LEITE EM PÓ ITALAC 400GR;GENÉRICO;IOGURTE E LATICÍNIOS;;;;;TRUE
7898080641823;LEITE EM PÓ ITALAC 400G;GENÉRICO;IOGURTE E LATICÍNIOS;;;;;TRUE
7898080642660;QUEIJO RALADO ITALAC 40G;GENÉRICO;MERCEARIA;;;;;TRUE
7898080642882;BEBIDA LÁCTEA ITALAC CHOCOLATE 250ML;GENÉRICO;IOGURTE E LATICÍNIOS;;;;;TRUE
7898080642912;BEBIDA LÁCTEA ITALAC FRUTAS VERMELHAS 250ML;GENÉRICO;IOGURTE E LATICÍNIOS;;;;;TRUE
7898080660565;ENERGÉTICO BALY 1L;GENÉRICO;ENERGÉTICOS E ISOTÔNICOS;;;;;TRUE
7898080662330;VODKA INTENCION 900ML;GENÉRICO;DESTILADOS;;;;;TRUE
7898080662668;ENERGÉTICO BALY 2L;GENÉRICO;ENERGÉTICOS E ISOTÔNICOS;;;;;TRUE
7898080664273;ENERGÉTICO BALY TROPICAL 473ML;GENÉRICO;ENERGÉTICOS E ISOTÔNICOS;;;;;TRUE
7898080665409;BALY ZERO AÇUCAR 2L;GENÉRICO;ENERGÉTICOS E ISOTÔNICOS;;;;;TRUE
7898089080494;BANDEJA DE OVO VERMELHO C/20 UND;GENÉRICO;MERCEARIA;;;;;TRUE
7898089087981;BANDEJA DE OVO BRANCO C/20 UNDS;GENÉRICO;MERCEARIA;;;;;TRUE
7898089087998;BANDEJA DE OVOS C/20 UND;GENÉRICO;MERCEARIA;;;;;TRUE
7898089088087;BANDEJA DE OVO VERMELHO C/20 UNDS;GENÉRICO;MERCEARIA;;;;;TRUE
7898089088094;BANDEJA DE OVOS C/20 UNDS;GENÉRICO;MERCEARIA;;;;;TRUE
7898102710032;SAL REFINADO ZIZO 1KG;GENÉRICO;MERCEARIA;;;;;TRUE
7898102710193;SAL GROSSO ZIZO 1KG;GENÉRICO;CHURRASCO;;;;;TRUE
7898103550064;BISNAGUINHA VITAL 300G;GENÉRICO;MERCEARIA;;;;;TRUE
7898103554758;PÃO DE FORMA VITAL 400G;GENÉRICO;MERCEARIA;;;;;TRUE
7898103557872;PÃO DE FORMA INTEGRAL VITAL 400G;GENÉRICO;MERCEARIA;;;;;TRUE
7898115900154;BOLINHO SUAVIPAN ZERO CENOURA E CHOCOLATE 40G;GENÉRICO;BOLOS E BOLACHAS;;;;;TRUE
7898115901113;BOLINHO SUAVIPAN ZERO MORANGO 40G;GENÉRICO;BOLOS E BOLACHAS;;;;;TRUE
7898115901175;BOLINHO SUAVIPAN ZERO BAUNILHA E CHOCOLATE 40G;GENÉRICO;BOLOS E BOLACHAS;;;;;TRUE
7898125160029;SORVETE ESKIMO ABACAXI 50G;GENÉRICO;SORVETES;;;;;TRUE
7898125160036;SORVETE ESKIMO LIMÃO 50G;GENÉRICO;SORVETES;;;;;TRUE
7898125160043;SORVETE ESKIMO UVA 50G;GENÉRICO;SORVETES;;;;;TRUE
7898125160104;SORVETE ESKIMO COCO 50G;GENÉRICO;SORVETES;;;;;TRUE
7898125160128;SORVETE ESKIMO LEITE CONDENSADO 50G;GENÉRICO;SORVETES;;;;;TRUE
7898125160142;SORVETE ESKIMO MILHO VERDE 50G;GENÉRICO;SORVETES;;;;;TRUE
7898125160173;SORVETE ESKIMO SKIMO 62G;GENÉRICO;SORVETES;;;;;TRUE
7898125161002;SORVETE ESKIMO COCO QUEIMADO 50G;GENÉRICO;SORVETES;;;;;TRUE
7898125161033;SORVETE ESKIMO MORANGO 50G;GENÉRICO;SORVETES;;;;;TRUE
7898125161859;SORVETE ESKIMO SPECIALE 50G;GENÉRICO;SORVETES;;;;;TRUE
7898125162214;SORVETE COPINHO ESKIMO MORANGO AO LEITE 80G;GENÉRICO;SORVETES;;;;;TRUE
7898125162528;SORVETE ESKIMO UNICORNIO 56G;GENÉRICO;SORVETES;;;;;TRUE
7898125162733;SORVETE ESKIMO SELETTO BRIGADEIRO 90G;GENÉRICO;SORVETES;;;;;TRUE
7898125162740;SORVETE ESKIMO SELETTO 90G;GENÉRICO;SORVETES;;;;;TRUE
7898125164010;SORVETE ESKIMO BOB ESPONJA 50G;GENÉRICO;SORVETES;;;;;TRUE
7898125164065;SORVETE ESKIMO MEGA PISTACHE 60G;GENÉRICO;SORVETES;;;;;TRUE
7898125164126;SORVETE ESKIMO CHOCOLATE 50G;GENÉRICO;SORVETES;;;;;TRUE
7898125165161;SORVETE ESKIMO TUTTI FRUTTI 56G;GENÉRICO;SORVETES;;;;;TRUE
7898125165284;SORVETE ESKIMO LÁPIS 30G;GENÉRICO;SORVETES;;;;;TRUE
7898125166762;SORVETE ESKIMO SUNDAE 80G;GENÉRICO;SORVETES;;;;;TRUE
7898131410040;TAPIOCA TUPÃ 500G;GENÉRICO;MERCEARIA;;;;;TRUE
7898131410200;FARINHA DE MANDIOCA DAMAZIA 1KG;GENÉRICO;MERCEARIA;;;;;TRUE
7898143960410;GELO GELOTIN 3KG;GENÉRICO;CHURRASCO;;;;;TRUE
7898143961813;GELO MINERALE 3KG;GENÉRICO;CHURRASCO;;;;;TRUE
7898150690805;SACO DE LIXO IPLAST 100L C/5 UND;GENÉRICO;DESCARTÁVEIS E UTILIDADES;;;;;TRUE
7898150690812;SACO DE LIXO IPLAST 50L C/10 UND;GENÉRICO;DESCARTÁVEIS E UTILIDADES;;;;;TRUE
7898150693394;SACO DE LIXO JIPLAST 50L C/30 UND;GENÉRICO;DESCARTÁVEIS E UTILIDADES;;;;;TRUE
7898159810204;MASSA PARA PASTEL NOSSA MASSA 400G;GENÉRICO;FRIOS;;;;;TRUE
7898161871323;PETIT GATEAU HAVANNA 160G;GENÉRICO;DOCES;;;;;TRUE
7898161871569;BROWNIE MR BEY 140G;GENÉRICO;DOCES;;;;;TRUE
7898171400049;FEIJÃO PÉ VERMELHO 1KG;GENÉRICO;MERCEARIA;;;;;TRUE
7898171400209;FEIJÃO RESERVA 1KG;GENÉRICO;MERCEARIA;;;;;TRUE
7898172343222;LENÇO UMEDECIDO ANJINHO C/120 UND;GENÉRICO;HIGIENE PESSOAL;;;;;TRUE
7898181475310;AÇAÍ COM GRANOLA 220ML;GENÉRICO;CONGELADOS;;;;;TRUE
7898202240491;QUEIJO MUSSARELA DAROLT 150G;GENÉRICO;FRIOS;;;;;TRUE
7898205924411;WHEY VERDE CAMPO CHOCOLATE 250ML;GENÉRICO;IOGURTE E LATICÍNIOS;;;;;TRUE
7898208483854;FILÉ SASSAMI CANÇÃO 1KG;GENÉRICO;CONGELADOS;;;;;TRUE
7898208485957;FILÉ SASSAMI CANÇÃO 800G;GENÉRICO;CONGELADOS;;;;;TRUE
7898215151708;LEITE INTEGRAL PIRACANJUBA 1LT;GENÉRICO;IOGURTE E LATICÍNIOS;;;;;TRUE
7898215151784;CREME DE LEITE PIRACANJUBA 200G;GENÉRICO;IOGURTE E LATICÍNIOS;;;;;TRUE
7898215152002;LEITE CONDENSADO PIRACANJUBA 395G;GENÉRICO;IOGURTE E LATICÍNIOS;;;;;TRUE
7898215152439;LEITE PÓ PIRACANJUBA 400G;GENÉRICO;IOGURTE E LATICÍNIOS;;;;;TRUE
7898215152811;LEITE PIRACANJUBA ZERO LACTOSE 1L;GENÉRICO;IOGURTE E LATICÍNIOS;;;;;TRUE
7898215153207;WHEY PIRACANJUBA MORANGO 23G;GENÉRICO;IOGURTE E LATICÍNIOS;;;;;TRUE
7898215153221;WHEY PIRACANJUBA CHOCOLATE 23G 250ML;GENÉRICO;IOGURTE E LATICÍNIOS;;;;;TRUE
7898215157410;LEITE NINHO ZERO LACTOSE 1L;GENÉRICO;IOGURTE E LATICÍNIOS;;;;;TRUE
7898215157847;WHEY PIRACANJUBA MORANGO 250ML;GENÉRICO;IOGURTE E LATICÍNIOS;;;;;TRUE
7898215157854;WHEY PIRACANJUBA CHOCOLATE 250ML;GENÉRICO;IOGURTE E LATICÍNIOS;;;;;TRUE
7898215157861;WHEY PIRACANJUBA COCO 250ML;GENÉRICO;IOGURTE E LATICÍNIOS;;;;;TRUE
7898215158851;LEITE EM PÓ PIRACANJUBA 400G;GENÉRICO;IOGURTE E LATICÍNIOS;;;;;TRUE
7898225280054;BANDEJA DE OVO CAIPIRA C/20 UNDS;GENÉRICO;MERCEARIA;;;;;TRUE
7898226513533;SACO PLÁSTICO EMBALIXO C/100 UND;GENÉRICO;DESCARTÁVEIS E UTILIDADES;;;;;TRUE
7898228069076;FILÉ SASSAMI PIONEIRO 750G;GENÉRICO;CONGELADOS;;;;;TRUE
7898228200028;ÁGUA SANTA RITA 5L;GENÉRICO;AGUAS;;;;;TRUE
7898228200073;ÁGUA SANTA RITA S/GÁS 1,5L;GENÉRICO;AGUAS;;;;;TRUE
7898228200080;AGUA SANTA RITA COM GÁS 1,5L;GENÉRICO;AGUAS;;;;;TRUE
7898228200110;ÁGUA SANTA RITA S/GÁS 500ML;GENÉRICO;AGUAS;;;;;TRUE
7898228200127;ÁGUA SANTA RITA C/GÁS 500ML;GENÉRICO;AGUAS;;;;;TRUE
7898239600312;BACON EM CUBOS JCW 150G;GENÉRICO;FRIOS;;;;;TRUE
7898239600879;BACON EM FATIAS JCW 100G;GENÉRICO;FRIOS;;;;;TRUE
7898239601050;SALSICHA JCW 500G;GENÉRICO;FRIOS;;;;;TRUE
7898247780297;ÓLEO DE SOJA VITALIV 900ML;GENÉRICO;MERCEARIA;;;;;TRUE
7898270960055;BICARBONATO DE SÓDIO PONZAN 40G;GENÉRICO;MOLHOS E TEMPEROS;;;;;TRUE
7898270960093;CANELA EM PÓ PONZAN 20G;GENÉRICO;MOLHOS E TEMPEROS;;;;;TRUE
7898270960383;FARINHA DE MANDIOCA PONZAN 1KG;GENÉRICO;MERCEARIA;;;;;TRUE
7898270960642;ALECRIM PONZAN 15G;GENÉRICO;MOLHOS E TEMPEROS;;;;;TRUE
7898270961052;MOLHO DE PIMENTA 200ML;GENÉRICO;MOLHOS E TEMPEROS;;;;;TRUE
7898270961663;MOLHO SHOYU PONZAN 150 ML;GENÉRICO;MOLHOS E TEMPEROS;;;;;TRUE
7898270963575;CHAMPIGNON INTEIRO PONZAN 170G;GENÉRICO;MERCEARIA;;;;;TRUE
7898270963582;CHAMPIGNON PONZAN 170G;GENÉRICO;MERCEARIA;;;;;TRUE
7898270967672;MOLHO SHOYU KARUI 150G;GENÉRICO;MOLHOS E TEMPEROS;;;;;TRUE
7898270967818;MOLHO SHOYU KARUI 150GR;GENÉRICO;MOLHOS E TEMPEROS;;;;;TRUE
7898275016368;SNACK PARA CÃES PETBRILHO SABOR CARNE 65G;GENÉRICO;PET;;;;;TRUE
7898276522332;PETIT GATEAU MR BEY 240G;GENÉRICO;DOCES;;;;;TRUE
7898278402298;KETCHUP SOWETO 320G;GENÉRICO;MOLHOS E TEMPEROS;;;;;TRUE
7898279790400;BALA FINI BEIJOS DE MORANGO 90G;GENÉRICO;BALAS;;;;;TRUE
7898279790417;BALA FINI DENTADURAS 90G;GENÉRICO;BALAS;;;;;TRUE
7898286190354;MOLHO SHOYU MARATÁ 150ML;GENÉRICO;MOLHOS E TEMPEROS;;;;;TRUE
7898301280602;BISCOITO DE MILHO FERNANDES 200G;GENÉRICO;BOLOS E BOLACHAS;;;;;TRUE
7898321971016;VINHO GIROLA TINTO SECO 750ML;GENÉRICO;VINHOS;;;;;TRUE
7898321971023;VINHO GIROLA SUAVE TINTO 750ML;GENÉRICO;VINHOS;;;;;TRUE
7898321971030;VINHO GIROLA BRANCO SECO 750ML;GENÉRICO;VINHOS;;;;;TRUE
7898321972433;VINHO GIROLA TINTO 750ML;GENÉRICO;VINHOS;;;;;TRUE
7898322980031;QUEIJO RALADO PARMISSIMO 50G;GENÉRICO;IOGURTE E LATICÍNIOS;;;;;TRUE
7898322980345;QUEIJO RALADO PARMEZZO 40G;GENÉRICO;MERCEARIA;;;;;TRUE
7898322981298;QUEIJO PROVOLONE PARMISSIMO 160G;GENÉRICO;MERCEARIA;;;;;TRUE
7898322981311;QUEIJO PROVOLONE PARMISSIMO 195G;GENÉRICO;MERCEARIA;;;;;TRUE
7898322981519;QUEIJO PARMESÃO PARMISSIMO 150G;GENÉRICO;MERCEARIA;;;;;TRUE
7898337980064;PÃO DE ALHO ZINHO BOLINHA 300G;GENÉRICO;CHURRASCO;;;;;TRUE
7898337980248;PÃO DE ALHO ZINHO 300G;GENÉRICO;CHURRASCO;;;;;TRUE
7898337980620;PÃO DE ALHO ONE 300G;GENÉRICO;CHURRASCO;;;;;TRUE
7898341430074;SUCO DEL VALLE MARACUJÁ 1L;GENÉRICO;SUCOS;;;;;TRUE
7898341430098;SUCO DEL VALLE UVA 1L;GENÉRICO;SUCOS;;;;;TRUE
7898341430111;SUCO DEL VALLE LARANJA 1L;GENÉRICO;SUCOS;;;;;TRUE
7898341430777;SUCO DEL VALLE UVA 1LTS;GENÉRICO;SUCOS;;;;;TRUE
7898345395430;SORVETINHO FRUTALIA CHOCOLATE 55G;GENÉRICO;SORVETES;;;;;TRUE
7898345395447;SORVETINHO FRUTALIA MORANGO 55G;GENÉRICO;SORVETES;;;;;TRUE
7898345395942;SORVETE FRUTALIA UVA 60G;GENÉRICO;SORVETES;;;;;TRUE
7898345396468;SORVETE FRUTALIA TABLETE 70G;GENÉRICO;SORVETES;;;;;TRUE
7898345397236;SORVETE FRUTALIA LIMÃO 60G;GENÉRICO;SORVETES;;;;;TRUE
7898345397274;SORVETE FRUTALIA MORANGO 60G;GENÉRICO;SORVETES;;;;;TRUE
7898345397311;SORVETE FRUTALIA MORENINHA 65G;GENÉRICO;SORVETES;;;;;TRUE
7898345397472;SORVETE FRUTALIA CHOCOLATE 60G;GENÉRICO;SORVETES;;;;;TRUE
7898345397571;SORVETE FRUTALIA COCO 60G;GENÉRICO;SORVETES;;;;;TRUE
7898345397588;SORVETE FRUTALIA MILHO 60G;GENÉRICO;SORVETES;;;;;TRUE
7898345397816;SORVETE FRUTALIA UNICÓRNIO 60G;GENÉRICO;SORVETES;;;;;TRUE
7898345398042;SORVETE FRUTALIA RAFFAETTO 70G;GENÉRICO;SORVETES;;;;;TRUE
7898345398349;SORVETE FRUTALIA ESKIMO 60G;GENÉRICO;SORVETES;;;;;TRUE
7898345398431;SORVETE FRUTALIA PISTACHE 60G;GENÉRICO;SORVETES;;;;;TRUE
7898352440147;ALHO TRITURADO NOBRE 400G;GENÉRICO;MOLHOS E TEMPEROS;;;;;TRUE
7898352440154;ALHO TRITURADO NOBRE 1KG;GENÉRICO;MERCEARIA;;;;;TRUE
7898352440215;ALHO TRITURADO NOBRE 200G;GENÉRICO;MERCEARIA;;;;;TRUE
7898354370183;ROSQUINHA DOCE LILIBEL 80G;GENÉRICO;DOCES;;;;;TRUE
7898354370367;BISCOITO DE POLVILHO LILIBEL 80G;GENÉRICO;BOLOS E BOLACHAS;;;;;TRUE
7898367980010;CERVEJA EISENBAHN 355ML;GENÉRICO;CERVEJAS;;;;;TRUE
7898367984377;CERVEJA EISENBAHN 350ML;GENÉRICO;CERVEJAS;;;7898367983790;;TRUE
7898370100016;LEITE DE COCO DO VALE 200ML;GENÉRICO;MERCEARIA;;;;;TRUE
7898370100320;LEITE DE COCO NORDESTE 200ML;GENÉRICO;MERCEARIA;;;;;TRUE
7898370100412;COCO RALADO NORDESTE 50G;GENÉRICO;MERCEARIA;;;;;TRUE
7898370100467;COCO RALADO NORDESTE 100G;GENÉRICO;MERCEARIA;;;;;TRUE
7898377661848;ICE CABARE LIMAO 275ML;GENÉRICO;DESTILADOS;;;;;TRUE
7898380261332;MOLHO DE TOMATE RUAH 300G;GENÉRICO;MERCEARIA;;;;;TRUE
7898380410792;SNACK BELIVE SEM GLUTEN SABOR PIZZA 35G;GENÉRICO;SNACKS;;;;;TRUE
7898380410815;SNACK BELIVE SEM GLUTEN SABOR CEBOLA 35G;GENÉRICO;SNACKS;;;;;TRUE
7898380410938;BROWNIE S/ AÇÚCAR E GLUTEN 40G;GENÉRICO;DOCES;;;;;TRUE
7898380411119;BOLINHO BELIVE DUPLO CHOCOLATE 40G;GENÉRICO;BOLOS E BOLACHAS;;;;;TRUE
7898409957970;FERMENTO BIOLÓGICO FLEISCHMANN 10G;GENÉRICO;MERCEARIA;;;;;TRUE
7898416520174;SAL DE PARILLA BRAHMA 500GR;GENÉRICO;CHURRASCO;;;;;TRUE
7898416520204;SAL DE PARILLA BRAHMA 500G;GENÉRICO;CHURRASCO;;;;;TRUE
7898422670160;VODKA KISLA 900ML;GENÉRICO;DESTILADOS;;;;;TRUE
7898422670207;VODKA ETERNITY 900ML;GENÉRICO;DESTILADOS;;;;;TRUE
7898422670290;VODKA KISLA 900 ML;GENÉRICO;DESTILADOS;;;;;TRUE
7898422677992;VODKA ICE KISLA 275ML;GENÉRICO;DESTILADOS;;;;;TRUE
7898424510068;SACO DE LIXO GERAPLAST 50LC/15 UND;GENÉRICO;DESCARTÁVEIS E UTILIDADES;;;;;TRUE
7898430530036;GELO FOX 3KG;GENÉRICO;CHURRASCO;;;;;TRUE
7898432070431;BATATA PALHA KIFRITAS EXTRAFINA 80G;GENÉRICO;MERCEARIA;;;;;TRUE
7898432070448;BATATA PALHA TRADICIONAL KIFRITAS 70G;GENÉRICO;MERCEARIA;;;;;TRUE
7898432070783;QUEIJO RALADO CHEF MULLER 40G;GENÉRICO;MERCEARIA;;;;;TRUE
7898432071100;SNACK BITES PÃO DE ALHO 35G;GENÉRICO;SNACKS;;;;;TRUE
7898542022900;HAMBÚRGUER BOVINO FRIBOI 58G;GENÉRICO;CONGELADOS;;;;;TRUE
7898571360042;ÁGUA VALLE VITA S/GÁS 500ML;GENÉRICO;AGUAS;;;;;TRUE
7898571360059;ÁGUA VALLE VITA COM GÁS 500ML;GENÉRICO;AGUAS;;;;;TRUE
7898571360073;ÁGUA VALLE VITA S/GÁS 1,5L;GENÉRICO;AGUAS;;;;;TRUE
7898571360424;ÁGUA VALLE VITA C/GÁS 1,5L;GENÉRICO;AGUAS;;;;;TRUE
7898576190019;VODKA BAMBOA 900ML;GENÉRICO;DESTILADOS;;;;;TRUE
7898590070977;TAPETE PARA CÃES GOODPAD C/7 UND;GENÉRICO;PET;;;;;TRUE
7898591453595;BALA FINI TUBES TROLLS 80G;GENÉRICO;BALAS;;;;;TRUE
7898597033647;COPO PLÁSTICO TOP FORM 180ML;GENÉRICO;DESCARTÁVEIS E UTILIDADES;;;;;TRUE
7898597033654;COPO PLÁSTICO TOPFORM 180ML;GENÉRICO;DESCARTÁVEIS E UTILIDADES;;;;;TRUE
7898599212743;BARRA DE PROTEÍNA NUTRATA 40G;GENÉRICO;BARRA DE CEREAIS E PROTEÍNA;;;;;TRUE
7898599212750;BARRA DE PROTEÍNA NUTRATA MORANGO COM CHANTILLY 40GR;GENÉRICO;BARRA DE CEREAIS E PROTEÍNA;;;;;TRUE
7898599213603;BARRA DE PROTEINA NUTRATA BRIGADEIRO 40G;GENÉRICO;BARRA DE CEREAIS E PROTEÍNA;;;;;TRUE
7898620194048;AGUA ZUPPA SEM GAS 1,5L;GENÉRICO;AGUAS;;;;;TRUE
7898620194055;AGUA ZUPPA COM GAS 1,5L;GENÉRICO;AGUAS;;;;;TRUE
7898629572113;BALA HARIBO 80G;GENÉRICO;BALAS;;;;;TRUE
7898633250205;VODKA VOLK 900ML;GENÉRICO;DESTILADOS;;;;;TRUE
7898635644286;SAL DE PARILLA BR SPICES 500G;GENÉRICO;CHURRASCO;;;;;TRUE
7898642910558;PALETA BOVINA MOÍDA 500G;GENÉRICO;CONGELADOS;;;;;TRUE
7898642910565;PATINHO MOÍDO 500G;GENÉRICO;CONGELADOS;;;;;TRUE
7898642917397;PALETA BOVINA CONGELADA 500GR;GENÉRICO;CONGELADOS;;;;;TRUE
7898645221798;AREIA PARA GATOS CATZONE 4KG;GENÉRICO;PET;;;;;TRUE
7898670300185;QUEIJO RALADO GRAN MESTRI 40G;GENÉRICO;MERCEARIA;;;;;TRUE
7898670410044;SACO DE LIXO TOTE 100L C/10 UND;GENÉRICO;LIMPEZA;;;;;TRUE
7898675840099;BANDEJA DE OVOS VERMELHOS C/30 UNDS;GENÉRICO;MERCEARIA;;;;;TRUE
7898677310002;LEITE DE COCO FREDÃO 200ML;GENÉRICO;MERCEARIA;;;;;TRUE
7898679271721;BATATA STRIKE 90G;GENÉRICO;SNACKS;;;;;TRUE
7898693640145;ÓLEO DE SOJA COCAMAR 900ML;GENÉRICO;MERCEARIA;;;;;TRUE
7898751680038;SARDINHA BEIRA ALTA 155G;GENÉRICO;ENLATADOS;;;;;TRUE
7898770420011;ENERGÉTICO MONSTER MORANGO 473ML;GENÉRICO;ENERGÉTICOS E ISOTÔNICOS;;;;;TRUE
7898901814757;PAO DE QUEIJO TOP 1KG;GENÉRICO;CONGELADOS;;;;;TRUE
7898902299058;MILHO VERDE STELLA DORO LATA 170G;GENÉRICO;ENLATADOS;;;;;TRUE
7898903027292;PRESUNTO BONATTI 150G;GENÉRICO;FRIOS;;;;;TRUE
7898903027308;PRESUNTO BONATTI 150GR;GENÉRICO;FRIOS;;;;;TRUE
7898903399436;PAPEL ALUMÍNIO 30X4 CM;GENÉRICO;CHURRASCO;;;;;TRUE
7898903399443;PAPEL ALUMÍNIO CHIC 4M X 30M;GENÉRICO;CHURRASCO;;;;;TRUE
7898904869044;COLA TEKBOND 2GR;GENÉRICO;DESCARTÁVEIS E UTILIDADES;;;;;TRUE
7898904869105;COLA TEK BOND 2G;GENÉRICO;DESCARTÁVEIS E UTILIDADES;;;;;TRUE
7898908207149;REQUEIJÃO GRAN MESTRI 180G;GENÉRICO;FRIOS;;;;;TRUE
7898908207590;MANTEIGA GRAN MESTRI 200G;GENÉRICO;FRIOS;;;;;TRUE
7898909901107;PÃO DE QUEIJO SERTÃOZINHO 1KG;GENÉRICO;CONGELADOS;;;;;TRUE
7898909901152;PÃO DE QUEIJO SERTAOZINHO COQUETEL 1KG;GENÉRICO;CONGELADOS;;;;;TRUE
7898910095307;ACENDEDOR TUPY 425G;GENÉRICO;CHURRASCO;;;;;TRUE
7898910365134;GUARDANAPO DE PAPEL TRÓPICOS C/50 UND;GENÉRICO;DESCARTÁVEIS E UTILIDADES;;;;;TRUE
7898910365523;PAPEL TOALHA LUAR C/ 1UND;GENÉRICO;DESCARTÁVEIS E UTILIDADES;;;;;TRUE
7898912374011;AGUA FONT LIFE SEM GAS 500ML;GENÉRICO;AGUAS;;;;;TRUE
7898912374028;ÁGUA FONT LIFE C/GÁS 500ML;GENÉRICO;AGUAS;;;;;TRUE
7898912374035;AGUA FONT LIFE 1,5L;GENÉRICO;AGUAS;;;;;TRUE
7898912374042;AGUA FONT LIFE COM GÁS 1,5L;GENÉRICO;AGUAS;;;;;TRUE
7898912374059;AGUA FONT LIFE 5L;GENÉRICO;AGUAS;;;;;TRUE
7898914221801;LEITE DE COCO COCOSUPER 200ML;GENÉRICO;MERCEARIA;;;;;TRUE
7898914221894;ÁGUA DE COCO DIKOKO 200ML;GENÉRICO;AGUAS;;;;;TRUE
7898914221917;ÁGUA DE COCO SUPER COCO 200ML;GENÉRICO;AGUAS;;;;;TRUE
7898914221931;LEITE DE COCO DIKOKO 200ML;GENÉRICO;MERCEARIA;;;;;TRUE
7898915414011;LEITE TERRA VIVA INTEGRAL 1L;GENÉRICO;IOGURTE E LATICÍNIOS;;;;;TRUE
7898916237244;ALGODAO COTONELA  50G;GENÉRICO;HIGIENE PESSOAL;;;;;TRUE
7898917661208;AREIA PARA GATOS BEAUTCAT 4KG;GENÉRICO;PET;;;;;TRUE
7898917671153;ÁLCOOL TUPI ZEROBAC 1L;GENÉRICO;LIMPEZA;;;;;TRUE
7898917671498;ALCOOL TUPI 1L;GENÉRICO;LIMPEZA;;;;;TRUE
7898921466288;PAPEL ALUMÍNIO BOMPACK 4M;GENÉRICO;CHURRASCO;;;;;TRUE
7898921567046;BATATA BEM BRASIL 400G;GENÉRICO;CONGELADOS;;;;;TRUE
7898922047868;VINHO BRANCO VILLA TRENTO 750ML;GENÉRICO;VINHOS;;;;;TRUE
7898922047875;VINHO VILLA TRENTO SUAVE TINTO 750ML;GENÉRICO;VINHOS;;;;;TRUE
7898922047882;VINHO VILLA TRENTO BRANCO SUAVE TINTO 750ML;GENÉRICO;VINHOS;;;;;TRUE
7898922047899;VINHO VILLA TRENTO BRANCO SECO 750ML;GENÉRICO;VINHOS;;;;;TRUE
7898925513025;ENERGÉTICO NITRIX 2L;GENÉRICO;ENERGÉTICOS E ISOTÔNICOS;;;;;TRUE
7898926909278;ALHO TRITURADO NOBRE 400GR;GENÉRICO;MERCEARIA;;;;;TRUE
7898930672434;PAPEL ALUMINIO WYDA PRATIC 30CM X 4MT;GENÉRICO;DESCARTÁVEIS E UTILIDADES;;;;;TRUE
7898931140512;BATATA PALHA AMA VITA 80G;GENÉRICO;MERCEARIA;;;;;TRUE
7898936110404;TOALHA UMEDECIDA PIQUITUCHO C/120 UND;GENÉRICO;HIGIENE PESSOAL;;;;;TRUE
7898936110558;TOALHA UMEDECIDA PIQUITUCHO C/60 UND;GENÉRICO;HIGIENE PESSOAL;;;;;TRUE
7898936576071;ÁGUA COM GÁS VILA NOVA 1,5L;GENÉRICO;AGUAS;;;;;TRUE
7898936623416;QUEIJO MUSSARELA LASAROLI 150G;GENÉRICO;FRIOS;;;;;TRUE
7898938101769;SNACK PARA CÃES NEW DOG SABOR CARNE 50G;GENÉRICO;PET;;;;;TRUE
7898938890045;ENERGÉTICO MONSTER PACIFIC PUNCH 473ML;GENÉRICO;ENERGÉTICOS E ISOTÔNICOS;;;;;TRUE
7898938890076;ENERGÉTICO MONSTER ZERO AÇÚCAR 473ML;GENÉRICO;ENERGÉTICOS E ISOTÔNICOS;;;;;TRUE
7898938890090;ENERGÉTICO MONSTER PÊSSEGO 473ML;GENÉRICO;ENERGÉTICOS E ISOTÔNICOS;;;;;TRUE
7898938890113;ENERGÉTICO MONSTER FIESTA 473ML;GENÉRICO;ENERGÉTICOS E ISOTÔNICOS;;;;;TRUE
7898938890120;ENERGÉTICO MONSTER RIO 473ML;GENÉRICO;ENERGÉTICOS E ISOTÔNICOS;;;;;TRUE
7898939720037;COPO DESCARTÁVEL CRISTALCOPO 150ML C/100 UND;GENÉRICO;DESCARTÁVEIS E UTILIDADES;;;;;TRUE
7898939720044;COPO DESCARTÁVEL CRISTALCOPO 150ML;GENÉRICO;DESCARTÁVEIS E UTILIDADES;;;;;TRUE
7898939720051;COPO DESCARTÁVEL CRISTALCOPO 180ML C/100 UND;GENÉRICO;DESCARTÁVEIS E UTILIDADES;;;;;TRUE
7898939720068;COPO DESCARTÁVEL CRISTALCOPO 180ML;GENÉRICO;DESCARTÁVEIS E UTILIDADES;;;;;TRUE
7898939720075;COPO PLASTICO CRISTAL COPO 200ML;GENÉRICO;DESCARTÁVEIS E UTILIDADES;;;;;TRUE
7898939720082;COPO CRISTALCOPO 200ML C/100 UND;GENÉRICO;DESCARTÁVEIS E UTILIDADES;;;;;TRUE
7898939720099;COPO CRISTAL COPO C/100 UND;GENÉRICO;DESCARTÁVEIS E UTILIDADES;;;;;TRUE
7898942775604;AGUA DE COCO INTEGRAL QQ 1L;GENÉRICO;AGUAS;;;;;TRUE
7898943207814;CHOPP BIERBAUM PILSEN 1,5L;GENÉRICO;CERVEJAS;;;;;TRUE
7898943207821;CHOPP BIERBAUM IPA 1,5L;GENÉRICO;CERVEJAS;;;;;TRUE
7898944548015;ÁGUA SEM GÁS CRYSTAL 500ML;GENÉRICO;AGUAS;;;;;TRUE
7898944548039;AGUA CRISTAL 1,5L;GENÉRICO;AGUAS;;;;;TRUE
7898944548053;AGUA CRISTAL 5L;GENÉRICO;AGUAS;;;;;TRUE
7898944946330;OVO DE CODORNO TOSCANA 300G;GENÉRICO;MERCEARIA;;;;;TRUE
7898945210027;BATATA QUALITY FRIES 400G;GENÉRICO;CONGELADOS;;;;;TRUE
7898945210041;BATATA CONGELADA QUALITY FRIES 400G;GENÉRICO;CONGELADOS;;;;;TRUE
7898945882095;AÇUCAR DOCESUCAR 1KG;GENÉRICO;MERCEARIA;;;;;TRUE
7898945882163;AÇUCAR DOCE SUCAR 1KG;GENÉRICO;MERCEARIA;;;;;TRUE
7898946401059;QUEIJO MUSSARELA DEALE 150G;GENÉRICO;FRIOS;;;;;TRUE
7898947630212;VINHO VAILATTI SUAVE TINTO 750ML;GENÉRICO;VINHOS;;;;;TRUE
7898947630236;VINHO VAILATTI BRANCO SECO 750ML;GENÉRICO;VINHOS;;;;;TRUE
7898948469125;CARVÃO PURA BRASA 2KG;GENÉRICO;CHURRASCO;;;;;TRUE
7898948469132;CARVÃO BOM DE BRASA 3KG;GENÉRICO;CHURRASCO;;;;;TRUE
7898950216014;CARVÃO REI DA BRASA 2,5KG;GENÉRICO;CHURRASCO;;;;;TRUE
7898950216229;SAL DE PARILLA REI DA BRASA 450G;GENÉRICO;CHURRASCO;;;;;TRUE
7898951509078;AGUA VALLE AZUL 5L;GENÉRICO;AGUAS;;;;;TRUE
7898951850309;MACARRÃO BARILLA PENNE 500GR;GENÉRICO;MERCEARIA;;;;;TRUE
7898951850316;MACARRÃO BARILLA PENNE S/GLUTEN 500G;GENÉRICO;MERCEARIA;;;;;TRUE
7898953148169;SUCO INTEGRAL PRATS LARANJA 900ML;GENÉRICO;SUCOS;;;;;TRUE
7898954424071;ÁGUA COM GÁS ARMAZÉM 1,5L;GENÉRICO;AGUAS;;;;;TRUE
7898954424330;ÁGUA PH LIFE COM GÁS 500ML;GENÉRICO;AGUAS;;;;;TRUE
7898954424347;ÁGUA PH LIFE SEM GÁS 500ML;GENÉRICO;AGUAS;;;;;TRUE
7898954424354;AGUA PH LIFE COM GÁS 1,5L;GENÉRICO;AGUAS;;;;;TRUE
7898954424361;AGUA PH LIFE SEM GÁS 1,5L;GENÉRICO;AGUAS;;;;;TRUE
7898954424378;ÁGUA PH LIFE 5L;GENÉRICO;AGUAS;;;;;TRUE
7898954898483;SACO DE LIXO VERSÁTIL 15L C/20 UND;GENÉRICO;LIMPEZA;;;;;TRUE
7898954898490;SACO DE LIXO VERSÁTIL 30L C/10 UND;GENÉRICO;LIMPEZA;;;;;TRUE
7898954898506;SACO DE LIXO VERSÁTIL 50L C/10 UND;GENÉRICO;LIMPEZA;;;;;TRUE
7898954898513;SACO DE LIXO VERSÁTIL 100L C/5 UND;GENÉRICO;LIMPEZA;;;;;TRUE
7898955012109;PAPEL HIGIÊNICO JUMU C/4 UND;GENÉRICO;HIGIENE PESSOAL;;;;;TRUE
7898955617526;QUEIJO MUSSARELA FATIADO PRÉSIDENT 150G;GENÉRICO;FRIOS;;;;;TRUE
7898955711002;QUEIJO MUSSARELA ALTO ALEGRE 150G;GENÉRICO;FRIOS;;;;;TRUE
7898955711286;MANTEIGA ALTO ALEGRE C/SAL 200G;GENÉRICO;FRIOS;;;;;TRUE
7898955711422;REQUEIJÃO ALTO ALEGRE 180G;GENÉRICO;FRIOS;;;;;TRUE
7898956109211;SUCO INTEGRAL SUQ LARANJA 900ML;GENÉRICO;SUCOS;;;;;TRUE
7898956358091;ALCOOL NOBRE 1LT;GENÉRICO;LIMPEZA;;;;;TRUE
7898958804022;TAPIOCA TUPÃ 500GR;GENÉRICO;MERCEARIA;;;;;TRUE
7898958804251;FARINHA DE MILHO FLOCADA 500G;GENÉRICO;MERCEARIA;;;;;TRUE
7898958804404;FARINHA DE MANDIOCA TUPÃ 1KG;GENÉRICO;MERCEARIA;;;;;TRUE
7898958804459;FARINHA DE MILHO FLOCÃO 400G;GENÉRICO;MERCEARIA;;;;;TRUE
7898959831164;CARNE MOÍDA ITABERABA 500G;GENÉRICO;CONGELADOS;;;;;TRUE
7898960419474;ÁLCOOL 70° SUPER VALE 1L;GENÉRICO;LIMPEZA;;;;;TRUE
7898960658033;AGUA SERRA CATARINENSE S/GÁS 500ML;GENÉRICO;AGUAS;;;;;TRUE
7898960658040;AGUA SERRA CATARINENSE C/GÁS 500ML;GENÉRICO;AGUAS;;;;;TRUE
7898960658057;AGUA SERRA CATARINENSE S/GÁS 1,5L;GENÉRICO;AGUAS;;;;;TRUE
7898960658064;AGUA SERRA CATARINENSE C/GÁS 1,5L;GENÉRICO;AGUAS;;;;;TRUE
7898960658095;AGUA SERRA CATARINENSE 5L;GENÉRICO;AGUAS;;;;;TRUE
7898962336137;OVO DE CODORNA OCEANO 300G;GENÉRICO;MERCEARIA;;;;;TRUE
7898962794258;PAPEL HIGIÊNICO MIMMO C/4 UND;GENÉRICO;HIGIENE PESSOAL;;;;;TRUE
7898964097098;PAPEL ALUMÍNIO MELLO 4M;GENÉRICO;DESCARTÁVEIS E UTILIDADES;;;;;TRUE
7898964511310;PETIT GATEAU 320G;GENÉRICO;CONGELADOS;;;;;TRUE
7898964629886;ESPETO PARA CHURRASCO INOVEN C/50 UND;GENÉRICO;CHURRASCO;;;;;TRUE
7898967809919;CURATIVO BONTRAZ C/10 UND;GENÉRICO;DESCARTÁVEIS E UTILIDADES;;;;;TRUE
7898968408685;CARVÃO KI CARVÃO 4KG;GENÉRICO;CHURRASCO;;;;;TRUE
7898968408982;CARVÃO KI-CHEF 2,5KG;GENÉRICO;CHURRASCO;;;;;TRUE
7898968809154;FITA DUPLA FACE VETTER 3M;GENÉRICO;DESCARTÁVEIS E UTILIDADES;;;;;TRUE
7898969650014;QUEIJO RALADO MINAS 40G;GENÉRICO;IOGURTE E LATICÍNIOS;;;;;TRUE
7898970730040;CHAMPIGNON INTEIRO TOSCANA 300G;GENÉRICO;MERCEARIA;;;;;TRUE
7898970730057;CHAMPIGNON TOSCANA 100G;GENÉRICO;MERCEARIA;;;;;TRUE
7898970730415;CHAMPIGNON TOSCANA 180G;GENÉRICO;MERCEARIA;;;;;TRUE
7898972714680;CHOPP ALPENLAND PILSEN 750ML;GENÉRICO;CERVEJAS;;;;;TRUE
7898973936128;QUEIJO MUSSARELA VENEZA 150GR;GENÉRICO;FRIOS;;;;;TRUE
7898976093002;LENÇO UMEDECIDO HIGGO BABY C/50 UND;GENÉRICO;HIGIENE PESSOAL;;;;;TRUE
7898994386209;BANDEJA DE OVOS VERMELHOS C/20 UNDS;GENÉRICO;MERCEARIA;;;;;TRUE
7899069400042;TAPETE PARA CÃES TAPET C/7 UND;GENÉRICO;PET;;;;;TRUE
7899090127000;ÁLCOOL VANTAX 500ML;GENÉRICO;CHURRASCO;;;;;TRUE
7899090127239;ACENDEDOR VANTAX 480G;GENÉRICO;CHURRASCO;;;;;TRUE
7899349109672;FITA ISOLANTE TIGRE 20MTS;GENÉRICO;DESCARTÁVEIS E UTILIDADES;;;;;TRUE
7899659900785;MILHO VERDE BONARE 170G;GENÉRICO;ENLATADOS;;;;;TRUE
7899659900792;ERVILHA BONARE 170G;GENÉRICO;ENLATADOS;;;;;TRUE
7899659900808;MILHO BONARE 170GR;GENÉRICO;ENLATADOS;;;;;TRUE
7899659901096;MOLHO DE TOMATE BONARE 300G;GENÉRICO;MERCEARIA;;;;;TRUE
7899674022011;DESODORANTE ABOVE MAN SPORT 90ML;GENÉRICO;HIGIENE PESSOAL;;;;;TRUE
7899674040190;DESODORANTE ABOVE FEMININO 150ML;GENÉRICO;HIGIENE PESSOAL;;;;;TRUE
7899767481282;ALFAJOR NOBRE 50G;GENÉRICO;DOCES;;;;;TRUE
7899767487888;ALFAJOR NOBRE 50GR;GENÉRICO;DOCES;;;;;TRUE
7899769105155;PÃO FRANCES BREAD KING 280G;GENÉRICO;MERCEARIA;;;;;TRUE
7899769107203;PÃO FRANCES BREAD KING 420G;GENÉRICO;CONGELADOS;;;;;TRUE
7899853801437;PAPEL HIGIÊNICO NESS C/4 UND;GENÉRICO;HIGIENE PESSOAL;;;;;TRUE
7899853802977;GUARDANAPO NOBBY C/50 UND;GENÉRICO;DESCARTÁVEIS E UTILIDADES;;;;;TRUE
7899853806395;PAPEL TOALHA NATUREZA C/100 UND;GENÉRICO;DESCARTÁVEIS E UTILIDADES;;;;;TRUE
7899970400902;BARRA DE CHOCOLATE HERSHEYS 60% 85G;GENÉRICO;DOCES;;;;;TRUE
7899970401183;CHOCOTUBES  HERSHEY'S 25G;GENÉRICO;DOCES;;;;;TRUE
7899975800028;SORVETE NESTLE MOÇA LEITE CONDENSADO 59G;GENÉRICO;SORVETES;;;;;TRUE
7899975800042;SORVETE GAROTO BATON 45G;GENÉRICO;SORVETES;;;;;TRUE
7899975800585;POTE DE SORVETE NESTLE NAPOLITANO FLOCOS 1,5L;GENÉRICO;SORVETES;;;;;TRUE
7899975800684;SORVETE NESTLE MOÇA BRIGADEIRO 63G;GENÉRICO;SORVETES;;;;;TRUE
7899975801704;SORVETE NESTLE FINI TUBES MORANGO 45G;GENÉRICO;SORVETES;;;;;TRUE
7899975801773;SORVETE NESTLE CLASSIC CHOCOLATE 59G;GENÉRICO;SORVETES;;;;;TRUE
7899975801797;SORVETE NESTLÉ PISTACHE 74G;GENÉRICO;SORVETES;;;;;TRUE
7899975801896;SORVETE NESTLE KIT KAT GOLD 45G;GENÉRICO;SORVETES;;;;;TRUE
7899975801902;SORVETE NESTLE CHOCOLATE 75G;GENÉRICO;SORVETES;;;;;TRUE
7899975801964;SORVETE NESTLE KIT KAT 61G;GENÉRICO;SORVETES;;;;;TRUE
7899975802206;SORVETE FINI TUBES TUTTI FRUTTI 45G;GENÉRICO;SORVETES;;;;;TRUE
7899975802657;SORVETE NESTLE LA FRUTTA MORANGO 60G;GENÉRICO;SORVETES;;;;;TRUE
7899975802718;SORVETE NESTLE LA FRUTTA LIMÃO 66G;GENÉRICO;SORVETES;;;;;TRUE
7899975802725;SORVETE NESTLÉ LA FRUTTA UVA 66G;GENÉRICO;SORVETES;;;;;TRUE
7899975802749;SORVETE NESTLE DENTADURA 50G;GENÉRICO;SORVETES;;;;;TRUE
7899975802763;POTE DE SORVETE NOBRELLI NAPOLITANO 1,3L;GENÉRICO;SORVETES;;;;;TRUE
7899975802770;POTE DE SORVETE NOBRELLI FLOCOS 1,3L;GENÉRICO;SORVETES;;;;;TRUE
7899975802787;POTE DE SORVETE NOBRELLI DUO CHOCOLATE 1,3L;GENÉRICO;SORVETES;;;;;TRUE
7899975802794;POTE DE SORVETE NOBRELLI DUO MORANGO 1,3L;GENÉRICO;SORVETES;;;;;TRUE
7899975802800;SORVETE NESTLE CONE OREO 62G;GENÉRICO;SORVETES;;;;;TRUE
7899975802817;SORVETE NESTLE CONE DUO 62G;GENÉRICO;SORVETES;;;;;TRUE
7899975802862;SORVETE NESTLE MEGA CLÁSSICO 73G;GENÉRICO;SORVETES;;;;;TRUE
7899975802893;SORVETE NESTLE OREO 65G;GENÉRICO;SORVETES;;;;;TRUE
7899975802909;SORVETE NESTLE LA FRUTTA MANGA 66G;GENÉRICO;SORVETES;;;;;TRUE
7899975803210;SORVETE NESTLE MOÇA BRIGADEIRO 73G;GENÉRICO;SORVETES;;;;;TRUE
7908014300044;PÃO DE QUEIJO FORNO DO SUL 1KG;GENÉRICO;CONGELADOS;;;;;TRUE
7908014300051;PÃO DE QUEIJO FORNO DO SUL 300G;GENÉRICO;CONGELADOS;;;;;TRUE
7908032300989;TOALHA UMEDECIDA PIQUITUCHO C/120 UNDS;GENÉRICO;HIGIENE PESSOAL;;;;;TRUE
7908282812621;SACO DE LIXO SP 50L;GENÉRICO;LIMPEZA;;;;;TRUE
7908591300444;RAÇÃO PARA GATOS BAST CAT CARNE 1KG;GENÉRICO;PET;;;;;TRUE
7908591301076;RAÇÃO PARA GATOS BAST CAT FRANGO 1KG;GENÉRICO;PET;;;;;TRUE
7908692600016;LENÇO UMEDECIDO BONTRAZ C/45 UND;GENÉRICO;HIGIENE PESSOAL;;;;;TRUE
7908692600368;PÃO DE ALHO BONTRAZ 300G;GENÉRICO;CHURRASCO;;;;;TRUE
7908692600764;CARVÃO BONTRAZ 3KG;GENÉRICO;CHURRASCO;;;;;TRUE
8000500463901;TIC TAC MENTA TWO 38,5G;GENÉRICO;BALAS;;;;;TRUE
80052760;KINDER BUENO 43G;GENÉRICO;DOCES;;;;;TRUE
80761761;KINDER BUENO WHITE 40G;GENÉRICO;DOCES;;;;;TRUE
8076800195033;MACARRÃO BARILLA SPAGHETTINI 500G;GENÉRICO;MERCEARIA;;;;;TRUE
8076800195057;MACARRÃO BARILLA SPAGHETTI 500G;GENÉRICO;MERCEARIA;;;;;TRUE
8076802085738;MACARRÃO BARILLA PENNE 500G;GENÉRICO;MERCEARIA;;;;;TRUE
8076808150072;MACARRÃO BARILLA SPAGHETTONI 500G;GENÉRICO;MERCEARIA;;;;;TRUE
8410179100050;AZEITE DE OLIVA BORGES 250ML;GENÉRICO;MERCEARIA;;;;;TRUE
8410525146435;BALA FINI TUBES CÍTRICO 80G;GENÉRICO;BALAS;;;;;TRUE
8410525159619;BALA FINI TUBES MORANGO CÍTRICO 80G;GENÉRICO;BALAS;;;;;TRUE
8420209042069;ESPUMANTE ROSE MONT BLAU 750ML;GENÉRICO;VINHOS;;;;;TRUE
8513960012904;VINHO TINTO SECO SINCERO MALBEC 750ML;GENÉRICO;VINHOS;;;;;TRUE
9002490214166;ENERGÉTICO REDBULL ZERO 250ML;GENÉRICO;ENERGÉTICOS E ISOTÔNICOS;;;;;TRUE
9002490229160;ENERGÉTICO RED BULL TROPICAL 250ML;GENÉRICO;ENERGÉTICOS E ISOTÔNICOS;;;;;TRUE
9002490247379;RED BULL MELANCIA 250ML;GENÉRICO;DESTILADOS;;;;;TRUE
9002490275013;ENERGÉTICO RED BULL MELÃO 250ML;GENÉRICO;ENERGÉTICOS E ISOTÔNICOS;;;;;TRUE
9002490275020;ENERGÉTICO RED BULL AMORA 250ML;GENÉRICO;ENERGÉTICOS E ISOTÔNICOS;;;;;TRUE
9002490280901;ENERGÉTICO BULL POMELO 250ML;GENÉRICO;ENERGÉTICOS E ISOTÔNICOS;;;;;TRUE
9002490283063;ENERGÉTICO RED BULL ZERO 250 ML;GENÉRICO;ENERGÉTICOS E ISOTÔNICOS;;;;;TRUE
90705411;ESCOVA DE DENTE ORAL-B;GENÉRICO;AGUAS;;;;;TRUE
91964183;BARBEADOR GILLETTE 3 C/1 UNDS;GENÉRICO;HIGIENE PESSOAL;;;;;TRUE